id,category,name,quality,level,interact,scaleRange,source,img,desc,limit,price,environment,beauty,practicality,robustness,fun
4,10601,江南连廊·连,1,200,1,,园宅币,,,5,40,3,3,3,3,3
5,10801,江南石径·连,1,200,1,,园宅币,,,1,40,3,3,3,3,3
6,10701,江南石板桥·连,1,200,1,,园宅币,,,3,40,3,3,3,3,3
7,10502,江南粉墙·连,1,200,1,,园宅币,,,1,20,1,1,1,1,1
9,10100,江南鸱吻楼,2,400,1,,园宅币,,,9,6840,480,480,480,480,480
10,10100,江南广庭楼,4,800,1,,园宅币,,,13,42740,3000,3000,3000,3000,3000
11,10100,江南华檐楼,4,800,1,,园宅币,,,11,42740,3000,3000,3000,3000,3000
12,10100,江南鸱吻馆,3,600,1,,园宅币,,,11,17090,1200,1200,1200,1200,1200
13,10100,江南华檐阕,4,800,1,,园宅币,,,12,42740,3000,3000,3000,3000,3000
14,10200,江南西厢,2,400,1,,园宅币,,,6,5130,360,360,360,360,360
15,10200,江南东厢,2,400,1,,园宅币,,,6,5130,360,360,360,360,360
16,10200,江南堂馆,1,200,1,,园宅币,,,1,1280,90,90,90,90,90
17,10200,江南开轩馆,1,200,1,,园宅币,,,1,1280,90,90,90,90,90
18,10100,江南月门馆,1,200,1,,园宅币,,,1,1710,120,120,120,120,120
19,10100,江南仓楼,1,200,1,,园宅币,,,6,1710,120,120,120,120,120
20,10100,江南院庭,1,200,1,,园宅币,,,1,1710,120,120,120,120,120
22,10100,江南帖木皮馆,1,200,1,,园宅币,,,1,1710,120,120,120,120,120
23,10300,江南月亭,2,400,1,,园宅币,,,6,2220,156,156,156,156,156
24,10300,江南风亭,2,400,1,,园宅币,,,6,2220,156,156,156,156,156
25,10100,江南花楹别业,3,600,1,,园宅币,,,9,17090,1200,1200,1200,1200,1200
26,10100,江南广庭别业,2,400,1,,园宅币,,,11,6840,480,480,480,480,480
28,10100,江南隐椽馆,1,200,1,,园宅币,,,1,1710,120,120,120,120,120
29,10100,江南雕枋楼,1,200,1,,园宅币,,,6,1710,120,120,120,120,120
30,10100,江南雁翅楼,2,400,1,,园宅币,,,9,6840,480,480,480,480,480
31,10100,江南团花望楼,1,200,1,,园宅币,,,9,1710,120,120,120,120,120
33,10100,江南玄墀馆,2,400,1,,园宅币,,,6,6840,480,480,480,480,480
34,10300,江南琴亭,3,600,1,,园宅币,,,9,5560,390,390,390,390,390
35,10300,江南八椽亭,3,600,1,,园宅币,,,9,5560,390,390,390,390,390
36,10502,矮门,1,210,1,,园宅币,,,1,20,1,1,2,1,1
37,10502,鸱吻门,1,210,1,,园宅币,,,3,20,1,1,2,1,1
38,10502,影月门,1,210,1,,园宅币,,,7,20,2,1,1,1,1
39,10505,江南径门·一,2,400,1,,园宅币,,,6,70,4,9,4,4,4
102,31300,永相携,4,800,1,,活动,,,1,0,2250,750,0,0,0
103,31300,瑶山群玉,2,410,1,,园宅币,,,6,1400,265,76,76,0,73
104,31300,若耶溪韵,2,400,1,,园宅币,,,7,1360,72,259,74,0,74
105,31300,玉露金风,4,1000,1,,园宅会赛,,,10,0,562,2025,581,0,581
106,31300,相思一函,3,615,1,,园宅币,,,8,3500,184,190,190,0,664
107,31300,八面风,1,200,1,,园宅币,,,1,340,18,64,18,0,18
108,31300,寒江素信,1,200,1,,园宅币,,,3,340,18,18,64,0,18
109,31300,落敬亭,4,820,1,,园宅币,,,10,8760,1660,476,476,0,461
110,31300,意萦圜·独立,4,800,1,,隐藏,,,1,0,450,450,2100,0,0
111,31300,意萦圜·悬,4,1000,1,,园宅会赛,,,10,0,562,581,581,0,2025
112,20700,宝相花驼褐毡,1,200,1,"0.5,1.2",园宅币,,,1,170,9,32,9,9,0
113,20700,火毛团花绣舞筵,1,200,1,"0.5,1.2",生活技能,,,1,0,9,9,21,9,9
114,20700,回叶纹绣筵,1,205,1,"0.5,1.2",园宅币,,,4,170,9,9,9,0,33
115,20700,云黛绣筵,2,420,1,"0.5,1.2",园宅币,,,7,710,50,50,50,50,50
116,20900,志得意满枕,4,800,1,"0.5,1.2",明教声望钦佩,,,1,0,0,562,0,0,1687
117,20900,心宽体胖枕,4,800,1,"0.5,1.2",藏剑声望钦佩,,,1,0,0,0,562,0,1687
118,20900,焉知乐枕,4,800,1,"0.5,1.2",七秀声望钦佩,,,1,0,1215,337,348,348,0
119,20900,游梦仙枕,4,800,1,"0.5,1.2",奇遇,,,1,0,1215,348,348,0,337
120,20900,远行客枕,4,840,1,"0.5,1.2",园宅会赛,,,10,0,1275,366,0,354,366
121,20900,独行侠枕,4,800,1,"0.5,1.2",隐藏,,,1,0,1215,0,337,348,348
122,20900,欣欣向荣枕,4,800,1,"0.5,1.2",万花声望钦佩,,,1,0,337,1215,348,0,348
123,20800,吴绫轻那,3,600,1,"0.5,1.2",侠义值,,,1,0,0,247,0,1155,247
124,20800,白烟簇雪,3,645,1,"0.5,1.2",园宅币,,,9,5050,266,266,0,1241,0
125,20800,夹缬挂幔,3,600,1,"0.5,1.2",园宅币,,,6,4700,264,264,594,264,264
126,20800,鱼口衔月,3,600,1,"0.5,1.2",飞沙令,,,1,0,247,1155,0,0,247
127,20800,白编清晖,4,800,1,"0.5,1.2",隐藏,,,1,0,825,825,825,825,825
128,20800,轻容幔,3,600,1,"0.5,1.2",名剑大会7段,,,1,0,0,247,1155,247,0
129,20800,故渊游,4,800,1,"0.5,1.2",战阶11阶,,,1,0,618,0,2887,0,618
130,20800,百染线幔,3,645,1,"0.5,1.2",园宅币,,,10,5050,638,283,283,283,283
131,20800,竹挂幔·一,2,420,1,"0.5,1.2",园宅币,,,6,1970,0,103,107,107,374
132,20800,竹挂幔·二,2,420,1,"0.5,1.2",园宅币,,,8,1970,103,107,107,0,374
133,20800,竹挂幔·三,3,645,1,"0.5,1.2",园宅币,,,9,5050,283,283,283,638,283
134,20800,竹挂幔·四,2,400,1,"0.5,1.2",生活技能,,,1,0,99,0,99,462,0
135,20800,竹挂幔·五,2,410,1,"0.5,1.2",园宅币,,,5,1920,104,104,0,365,101
136,20800,沧洋远梦,4,860,1,"0.5,1.2",园宅币,,,11,12630,709,1596,709,709,709
137,21200,龙门香梦,4,1000,1,"0.5,1.2",园宅会赛,,,10,0,3525,7931,3525,3525,3525
138,41000,玳瑁嵌文杏妆奁,3,600,1,,园宅币,,,5,850,0,0,0,0,0
139,22000,木兰花妆奁,1,200,1,,生活技能,,,1,0,0,0,0,0,0
140,20300,左右逢源柜,3,645,1,,园宅币,,,9,3030,744,159,159,0,0
141,20300,方枘圆凿柜,2,420,1,,园宅币,,,5,1180,62,62,0,291,0
142,20300,曲木沉香柜,4,860,1,,园宅币,,,12,7580,957,425,425,425,425
143,20300,文柏柜,4,860,1,,园宅币,,,11,7580,0,665,1995,0,0
144,20300,桑木架,1,200,1,,生活技能,,,1,0,14,0,15,53,15
145,20300,桑木书架,1,200,1,,园宅币,,,1,280,15,15,35,15,15
146,20300,紫檀柜,4,860,1,,园宅币,,,10,7580,425,425,957,425,425
147,20300,清漆柜,3,600,1,,园宅币,,,1,2820,0,0,148,693,148
148,20300,桑木柜,2,400,1,,生活技能,,,1,0,0,277,0,59,59
149,20600,镜盘桑木立屏,3,630,1,,园宅币,,,8,7000,393,393,393,393,884
150,20600,花鸟彩画文柏立屏,2,400,1,,师徒值,,,1,0,140,655,0,0,140
151,20300,榧木帨架,3,600,1,,生活技能,,,1,0,148,148,693,0,0
152,20300,花梨木衣桁,2,420,1,,园宅币,,,3,1180,0,62,291,62,0
153,20300,桑木帨架,3,645,1,,园宅币,,,8,3030,744,159,0,159,0
154,20300,沉香木帨架,2,400,1,,生活技能,,,1,0,277,0,59,59,0
155,20400,文柏木经案,3,600,1,,管家,,,1,0,112,0,525,112,0
156,20400,桑木鹤膝案,3,615,1,,园宅币,,,5,2190,415,119,119,0,115
157,20400,鸭头绿书案,3,600,1,,隐藏,,,1,0,0,525,112,112,0
158,20400,云石案,1,200,1,,园宅币,,,1,210,40,11,11,11,0
159,21300,桑木盆架,4,840,1,,园宅币,,,7,17940,2268,1008,1008,1008,1008
160,21300,桑木高面帨盆架,4,840,1,,园宅币,,,9,17940,1008,2268,1008,1008,1008
161,20400,团花榻足几,1,200,1,,园宅币,,,4,210,0,0,11,11,52
162,31400,金平脱群鸾华幛,3,645,1,,园宅币,,,13,3390,298,894,0,0,0
163,21700,铜镜,1,200,1,"0.5,1.2",宠物游历,,,1,0,0,0,4,4,21
164,31400,怒海观擂兵器架,2,400,1,,园宅币,,,8,1260,0,0,333,111,0
165,20400,云石台案,2,400,1,,生活技能,,,1,0,225,0,0,75,0
167,31400,鸣皋华幛,4,1000,1,,园宅会赛,,,10,0,867,2601,0,0,0
168,20600,黄杨立屏,3,600,1,,隐藏,,,1,0,0,351,351,1638,0
169,20600,曲面黄杨立屏·左,3,600,1,,隐藏,,,1,0,351,351,0,1638,0
170,20600,曲面黄杨立屏·右,3,600,1,,隐藏,,,1,0,351,0,351,1638,0
171,20300,桐木架,1,200,1,,园宅币,,,1,280,35,15,15,15,15
172,20300,榧木架,1,200,1,,生活技能,,,1,0,0,15,53,14,15
173,20300,榧木棚架,1,210,1,,园宅币,,,4,290,15,0,0,72,15
174,20300,桐木花柜,2,430,1,,园宅币,,,8,1210,63,297,63,0,0
175,20300,黄杨攒边花柜,4,1000,1,,园宅会赛,,,10,0,495,1113,495,495,495
176,20300,碧海潮生柜,3,600,1,,战阶7阶,,,1,0,158,356,158,158,158
177,20600,涂胡粉坐障,3,600,1,,生活技能,,,1,0,0,1638,351,0,351
178,20600,溪山图立屏,2,400,1,,生活技能,,,1,0,145,505,140,145,0
179,20600,鹤排云织锦坐障,4,1000,1,,园宅会赛,,,1,0,0,5484,0,0,1828
180,20600,粉地山水坐障,4,860,1,,园宅币,,,13,17910,1006,1006,2263,1006,1006
181,20600,归鸿立屏,2,430,1,,园宅币,,,10,2860,160,362,160,160,160
182,20600,画白翎五牒屏,3,600,1,,战阶9阶,,,1,0,585,1755,0,0,0
183,20600,菡池鱼戏坐障,4,1000,1,,园宅会赛,,,10,0,5118,1096,0,0,1096
184,20500,葵草坐垫,2,400,1,,生活技能,,,1,0,38,11,0,10,11
185,20500,龙须草坐垫,1,205,1,,园宅币,,,4,50,2,9,2,0,2
186,20500,桑木长凳,1,200,1,,生活技能,,,1,0,2,0,2,9,2
187,20500,桐木凳,1,200,1,,生活技能,,,1,0,9,2,2,2,0
188,20500,雕枋桐木凳,1,210,1,,园宅币,,,7,50,13,0,2,0,2
189,20500,绳面文柏凳,2,420,1,,园宅币,,,5,210,0,52,0,11,11
190,20500,宝相桑木凳,2,400,1,,战阶3阶,,,1,0,0,11,38,10,11
191,20500,壸门凳,2,420,1,,园宅币,,,9,210,0,18,0,56,0
192,20500,主位壸门凳,3,600,1,,隐藏,,,1,0,27,27,126,0,0
193,20500,栅足长凳,2,400,1,,小区5级,,,1,0,0,0,10,50,10
194,20500,素髹桑木长凳,1,200,1,,园宅币,,,3,50,2,0,2,9,2
195,20500,桐木圈椅,3,600,1,,隐藏,,,1,0,126,27,0,27,0
196,20500,榧木圈椅,2,400,1,,园宅币,,,8,200,0,0,0,18,54
197,20500,铜平脱扶手椅,3,600,1,,生活技能,,,1,0,27,0,27,0,126
198,21300,鱼龙跋浪盆,4,840,1,,园宅币,,,6,17940,1008,1008,1008,2268,1008
199,21300,龙游四海盆,4,1000,1,,园宅会赛,,,10,0,1200,1200,1200,1200,2700
200,21700,时令佳果·春,1,210,1,,园宅币,,,8,80,4,22,4,0,0
201,21700,时令佳果·夏,2,430,1,,园宅币,,,10,360,20,46,20,20,20
202,21700,时令佳果·秋,3,645,1,,园宅币,,,12,910,0,49,174,48,49
203,21000,寒琼书灯,2,410,1,,园宅币,,,3,1050,0,55,0,55,258
204,21000,团花纹灯,1,205,1,"0.5,1.2",园宅币,,,4,260,13,64,13,0,0
205,21000,扁青涂花梨木书灯,1,200,1,"0.5,1.2",生活技能,,,1,0,0,13,63,0,13
206,21000,桐木书灯,1,200,1,"0.5,1.2",生活技能,,,1,0,13,0,13,63,0
207,21000,根鏨云石灯,2,420,1,"0.5,1.2",园宅币,,,8,1070,60,60,60,60,136
208,21000,夹竹桃书灯,2,400,1,"0.5,1.2",大战,,,1,0,0,55,54,194,55
209,21000,金平脱双比翼灯,4,840,1,"0.5,1.2",园宅币,,,11,6730,378,850,378,378,378
210,21100,桐木壁灯,2,420,1,"0.5,1.2",园宅币,,,9,710,37,176,37,0,0
211,21100,雉羽衔壁灯,3,645,1,"0.5,1.2",园宅币,,,11,1830,103,103,103,103,232
212,21100,寒琼灯笼,2,420,1,"0.5,1.2",园宅币,,,1,710,0,37,0,176,37
213,21200,垂青槐,4,800,1,"0.5,1.2",战阶13阶,,,1,0,6345,2820,2820,2820,2820
214,21200,逢断桥,3,645,1,"0.5,1.2",园宅币,,,10,21590,1212,2728,1212,1212,1212
215,21200,济江海,4,860,1,"0.5,1.2",园宅币,,,14,53970,3031,6820,3031,3031,3031
216,21100,扁青涂银灯笼,3,645,1,"0.5,1.2",园宅币,,,12,1830,99,348,96,99,0
217,21200,缀荷包双圜灯,3,600,1,"0.5,1.2",名剑大会11段,,,1,0,1128,1128,2538,1128,1128
218,21200,平脱文杏灯,3,615,1,"0.5,1.2",园宅币,,,5,20580,2601,1156,1156,1156,1156
219,21100,荼蘼灯笼,2,400,1,"0.5,1.2",生活技能,,,1,0,36,0,37,129,37
220,21100,素髹宝相花灯笼,4,800,1,"0.5,1.2",隐藏,,,1,0,240,240,540,240,240
221,21200,黄铜鱼戏灯,4,800,1,"0.5,1.2",隐藏,,,1,0,2820,2820,2820,2820,6345
222,21500,字帖,2,420,1,"0.5,1.2",园宅币,,,6,350,88,18,18,0,0
223,21600,小池舟来,3,630,1,"0.5,1.2",园宅币,,,1,2420,306,136,136,136,136
224,21500,青瓷画山水瓮,2,420,1,,园宅币,,,8,350,88,0,0,18,18
225,21600,溪山图,2,420,1,"0.5,1.2",园宅币,,,7,960,238,51,51,0,0
229,21500,铜平脱蝶饰笔架,3,645,1,"0.5,1.2",园宅币,,,11,910,0,48,225,48,0
230,21500,饰邢窑盘桐木笔架,3,645,1,"0.5,1.2",园宅币,,,10,910,49,174,48,49,0
232,21500,素髹桐木笔架,3,600,1,"0.5,1.2",生活技能,,,1,0,75,0,0,0,225
237,21600,了无挂碍图,2,400,1,"0.5,1.2",宠物游历,,,1,0,51,51,116,51,51
239,21500,明前点茶组器,2,430,1,,园宅币,,,11,360,20,20,46,20,20
240,21500,玉露煎茶组器,3,645,1,,园宅币,,,13,910,116,51,51,51,51
241,21500,邢窑白瓷罗合,2,400,1,"0.5,1.2",生活技能,,,1,0,0,30,0,0,90
242,21500,铸铁煎壶,2,400,1,"0.5,1.2",生活技能,,,1,0,0,0,0,30,90
243,21500,铜煎壶,2,420,1,"0.5,1.2",园宅币,,,9,350,0,88,0,18,18
245,21500,越窑瓷罗合,1,210,1,"0.5,1.2",园宅币,,,8,80,0,4,0,22,4
246,21500,邢窑云纹卧炉,2,420,1,"0.5,1.2",园宅币,,,7,350,18,0,0,18,88
248,31400,磁州窑大经瓶,2,400,1,,园宅币,,,12,1260,66,310,0,66,0
249,21700,吉州窑经瓶·红柿,4,860,1,"0.5,1.2",园宅币,,,14,2290,129,129,129,129,290
250,21700,九州港胆瓶·芦花,1,205,1,"0.5,1.2",园宅币,,,4,80,21,4,0,4,0
251,21700,九州港经瓶·迎春,1,210,1,"0.5,1.2",园宅币,,,6,80,0,23,7,0,0
252,31400,溪山图经瓶·菡萏,3,600,1,,生活技能,,,1,0,0,777,166,0,166
253,21700,邢窑胆瓶·木兰,2,430,1,"0.5,1.2",园宅币,,,11,360,19,69,19,0,19
254,21700,九州港经瓶·木兰,1,210,1,"0.5,1.2",园宅币,,,9,80,5,5,11,5,5
256,20100,莞草席,1,200,1,,园宅币,,,1,510,28,28,28,28,64
257,20200,葵草茵席,2,400,1,,园宅币,,,5,4780,1176,252,0,0,252
258,20100,葵草席,1,200,1,,生活技能,,,1,0,28,28,64,28,28
259,20100,织锦席,2,400,1,,生活技能,,,1,0,108,504,108,0,0
260,20100,云涛图席,1,200,1,,园宅币,,,5,510,126,27,0,0,27
261,20200,莞草茵席,3,600,1,,生活技能,,,1,0,0,0,2940,630,630
262,20200,黄杨木坐床,1,200,1,,园宅币,,,1,1190,63,0,63,294,0
263,20100,翘头板足榻,4,1000,1,,园宅会赛,,,10,0,900,2025,900,900,900
264,20100,桐木榻,3,600,1,,园宅币,,,1,5120,360,360,360,360,360
265,20100,卷涛纹黄杨榻,4,820,1,,园宅币,,,8,13140,738,738,1660,738,738
266,20200,金平脱宝相花床,4,820,1,,园宅币,,,9,30660,1722,3874,1722,1722,1722
267,20200,团花纹金棱床,3,600,1,,园宅币,,,7,11960,672,672,1512,672,672
268,20200,黄粱跌宕床,4,1000,1,,园宅会赛,,,10,0,2100,2100,2100,2100,4725
269,20400,棋局几·展,3,615,1,,生活技能,,,1,0,0,0,192,0,576
270,20400,茶函几·覆,3,630,1,,园宅币,,,9,2240,425,122,122,0,118
271,20400,沉香木板足几,3,645,1,,园宅币,,,12,2290,290,129,129,129,129
272,20400,茶函几·展,3,600,1,,监本印文,,,1,0,0,0,0,562,187
273,20400,宝装黄杨木几,4,800,1,,隐藏,,,1,0,281,281,0,1312,0
274,20400,雕夕山图书案,3,600,1,,园宅币,,,5,2130,112,525,0,0,112
280,20400,桐木桌,1,205,1,,园宅币,,,6,210,11,53,0,0,11
281,20400,雕枋桌,2,400,1,,生活技能,,,1,0,75,225,0,0,0
282,20400,文柏桌,2,400,1,,园宅币,,,5,850,0,75,225,0,0
283,20400,桑木桌,2,410,1,,园宅币,,,4,870,46,0,46,215,0
284,20400,宝相面圆桌,4,800,1,,园宅币,,,10,5340,0,0,0,468,1406
285,20400,壸门桌,2,400,1,,园宅币,,,8,850,46,0,45,46,162
286,20400,桐木攒边桌,2,410,1,,园宅币,,,5,870,215,46,0,0,46
287,21900,红泥绿蚁台,1,205,1,,园宅币,,,5,20,1,1,1,1,1
292,21700,山外山黄杨木钵,2,430,1,"0.5,1.2",园宅币,,,12,360,46,20,20,20,20
293,21700,越窑素面卧炉,1,205,1,"0.5,1.2",园宅币,,,3,80,4,4,11,4,4
294,21700,越窑香插,1,200,1,"0.5,1.2",宠物游历,,,1,0,10,4,4,4,4
295,21700,越窑卷草纹卧炉,1,205,1,"0.5,1.2",宠物游历,,,1,0,4,4,4,4,11
296,21700,越窑云纹卧炉,1,205,1,"0.5,1.2",园宅币,,,5,80,0,0,21,4,4
300,31300,恰啼此时,3,630,1,,园宅币,,,12,3580,189,195,680,0,195
301,31300,意萦圜·鼎立,4,840,1,,园宅币,,,14,8970,472,1701,488,0,488
302,30800,夏枯秋荣,4,800,1,,园宅币,,,15,30980,2175,2175,2175,2175,2175
303,21000,黄铜宝相花灯檠,4,860,1,,园宅币,,,10,6890,387,387,387,870,387
304,21000,臈缬兰灯檠,4,860,1,,园宅会赛,,,10,0,387,387,870,387,387
305,21000,灰缬山水灯,3,630,1,,园宅币,,,7,2690,151,340,151,151,151
307,30600,天街华岁,4,1000,1,,隐藏,,,1,0,600,600,1350,600,600
352,30301,曲干朴树,3,630,1,"0.5,1.2",园宅币,,,11,350,0,19,18,68,19
353,30301,直立朴树,3,630,1,"0.5,1.2",园宅币,,,12,350,19,18,19,68,0
354,30300,东海散尾葵,2,420,1,"0.5,1.2",园宅币,,,1,140,18,8,8,8,8
355,30400,曲干金叶白蜡,3,630,1,,园宅币,,,7,4030,219,765,0,219,212
359,30400,大花石榴树,1,205,1,,园宅币,,,4,390,22,22,22,22,49
360,30300,长青凤尾蕉,4,860,1,"0.5,1.2",园宅币,,,14,910,0,49,174,48,49
361,30401,垂直南海青榄李,1,205,1,,园宅币,,,5,390,22,22,22,49,22
362,30401,曲干南海青榄李,1,205,1,,园宅币,,,5,390,0,21,20,74,21
363,30400,江浙女贞树群落,1,210,1,,园宅币,,,6,400,22,22,22,22,51
364,30400,黑戈壁白杨树,1,200,1,,园宅币,,,11,380,21,48,21,21,21
365,30400,千叶小叶榕,1,215,1,,园宅币,,,9,410,21,21,101,0,0
366,30400,小枝冲天青檀,1,200,1,,园宅币,,,2,380,21,21,48,21,21
367,30300,蜀中毛竹,3,600,1,,园宅币,,,12,340,19,19,43,19,19
368,30300,断刃毛竹,1,210,1,"0.5,1.2",园宅币,,,7,30,6,1,1,1,0
369,30400,双生银杏,1,200,1,,园宅币,,,12,380,20,20,72,20,0
370,30400,青苔金叶榆,2,410,1,,园宅币,,,13,1570,199,88,88,88,88
371,30400,硕果桑树,2,410,1,,园宅币,,,3,1570,88,88,199,88,88
372,30400,佛焰苞蒲葵,2,410,1,,园宅币,,,14,1570,298,0,83,85,85
373,30400,洞天福地岛木瓜树,2,420,1,,园宅币,,,15,1610,85,87,87,0,306
374,30300,大折扇旅人蕉,4,840,1,"0.5,1.2",园宅币,,,13,890,50,50,113,50,50
375,30400,夏开紫玉兰,1,205,1,,园宅币,,,4,390,20,74,21,0,21
376,20600,黄杨木坐障,2,400,1,,园宅币,,,5,2660,0,145,505,140,145
377,20600,月白地秋晚图坐障,4,860,1,,园宅币,,,12,17910,0,0,1572,4716,0
378,20600,夹缬山水立屏,2,400,1,,园宅币,,,4,2660,655,140,140,0,0
379,20600,方棋绫双立屏,3,600,1,,园宅币,,,7,6660,842,374,374,374,374
380,20600,江湖墨双立屏,3,600,1,,名剑大会9段,,,1,0,1638,0,351,0,351
381,20600,鸾抱花四牒屏,4,800,1,,隐藏,,,1,0,4387,1462,0,0,0
382,20600,燕衔丝三牒屏,4,800,1,,隐藏,,,1,0,0,0,0,1462,4387
383,41000,桑木书柜,3,600,1,,园宅币,,,3,850,0,0,0,0,0
384,20300,桑木药柜,2,420,1,,园宅币,,,7,1180,0,0,291,62,62
385,20500,赤漆涂圈椅,3,600,1,,战阶5阶,,,1,0,27,97,27,27,0
386,20500,花梨木圈椅,3,600,1,,园宅币,,,10,510,0,0,135,45,0
387,20800,孔雀罗挂幔,4,860,1,"0.5,1.2",园宅会赛,,,10,0,0,3104,665,665,0
388,20800,山海音,4,800,1,"0.5,1.2",隐藏,,,1,0,618,639,639,0,2227
389,30600,仙韶来仪,4,800,1,,隐藏,,,1,0,480,1080,480,480,480
390,21000,芙蕖白菰灯,3,600,1,"0.5,1.2",隐藏,,,1,0,486,0,135,139,139
391,21000,木兰黑柿灯,3,600,1,"0.5,1.2",雀神点数,,,1,0,139,486,135,139,0
392,21000,曲岸浮香灯,3,600,1,"0.5,1.2",雀神点数,,,1,0,486,139,139,0,135
393,21000,错落相思壁灯,4,860,1,"0.5,1.2",园宅会赛,,,10,0,870,387,387,387,387
394,21300,榧木高面盆架,4,840,1,,园宅币,,,5,17940,1008,1008,2268,1008,1008
395,31400,苏芳染兵器架,4,800,1,,园宅币,,,10,7900,693,0,2081,0,0
396,31400,跃龙兵器架,4,800,1,,生活技能,,,1,0,0,416,1942,416,0
397,20400,双飞翼妆案,3,615,1,,飞沙令,,,1,0,0,538,115,0,115
399,41000,灰砖灶台,3,600,1,,园宅币,,,4,850,0,0,0,0,0
400,20100,低矮木榻,1,200,1,,生活技能,,,1,0,28,28,28,64,28
401,20600,二君子五牒屏,3,600,1,,生活技能,,,1,0,351,351,0,0,1638
402,22000,赤漆妆奁,1,200,1,,生活技能,,,1,0,0,0,0,0,0
403,22000,赤漆衣箱,1,200,1,,园宅币,,,9,80,0,0,0,0,0
404,22000,素髹竹妆奁,1,200,1,,园宅币,,,9,80,0,0,0,0,0
405,22000,半旧樟木箱,1,200,1,,园宅币,,,9,80,0,0,0,0,0
406,22000,半旧榉木箱,1,200,1,,园宅币,,,9,80,0,0,0,0,0
407,22000,铜平脱妆奁,1,200,1,,园宅币,,,9,80,0,0,0,0,0
408,22000,兽面纹妆奁,1,200,1,,园宅币,,,9,80,0,0,0,0,0
409,20300,花梨木矮柜,1,200,1,,生活技能,,,1,0,53,15,0,14,15
411,20300,花梨木曲柜,1,200,1,,生活技能,,,1,0,15,14,15,53,0
412,20300,铜平脱矮柜,2,420,1,,园宅币,,,5,1180,291,62,0,0,62
413,20300,赤漆铜平脱药柜,1,200,1,,生活技能,,,1,0,14,53,15,0,15
414,20300,赤漆矮柜,1,215,1,,园宅币,,,6,300,0,0,15,15,74
415,20300,金平脱花梨立柜,1,205,1,,园宅币,,,2,280,16,16,16,16,36
416,20300,金平脱花梨柜,1,210,1,,园宅币,,,3,290,16,16,37,16,16
417,31400,鎏金香浮屠,2,400,1,,生活技能,,,1,0,71,71,159,71,71
418,31400,石青顶香浮屠,2,400,1,,园宅币,,,5,1260,71,71,71,159,71
419,21700,兽面纹铜卧炉,2,420,1,"0.5,1.2",宠物游历,,,1,0,0,31,0,0,94
420,21700,毕方博山炉,4,800,1,"0.5,1.2",大明宫,,,1,0,120,120,120,270,120
421,20500,细布坐垫,1,200,1,,园宅币,,,2,50,2,2,9,0,2
422,20500,芦苇蒲团,1,200,1,,生活技能,,,1,0,2,2,0,2,9
426,20800,彩锦半拢·一,2,400,1,"0.5,1.2",生活技能,,,1,0,99,356,102,0,102
428,20800,彩锦半拢·二,2,400,1,"0.5,1.2",生活技能,,,1,0,0,462,99,0,99
429,20800,彩锦半拢·三,2,400,1,"0.5,1.2",生活技能,,,1,0,99,462,99,0,0
430,20800,彩锦半拢·四,2,400,1,"0.5,1.2",生活技能,,,1,0,99,356,102,0,102
431,20800,彩锦半拢·五,2,400,1,"0.5,1.2",生活技能,,,1,0,0,462,99,0,99
432,20800,彩锦半拢·六,2,400,1,"0.5,1.2",生活技能,,,1,0,99,462,99,0,0
433,20800,丝绸挂幔·一,4,800,1,"0.5,1.2",隐藏,,,1,0,825,825,825,825,825
434,20800,丝绸挂幔·二,4,800,1,"0.5,1.2",隐藏,,,1,0,825,825,825,825,825
435,30600,天竺石仿仓楼灯,1,200,1,,生活技能,,,1,0,84,0,18,18,0
436,30600,天竺石仿望楼灯,1,200,1,,园宅币,,,1,340,0,18,0,18,84
437,30600,溶溶月,3,600,1,,生活技能,,,1,0,0,840,0,180,180
438,30600,太湖石卷云灯,3,630,1,,园宅币,,,10,3580,882,189,0,0,189
439,30600,零陵石灯,1,200,1,,生活技能,,,1,0,18,0,0,84,18
440,30600,赤漆灯檠,2,400,1,,生活技能,,,1,0,336,72,0,0,72
441,30600,瓜洲点愁,2,420,1,,园宅币,,,9,1430,75,352,75,0,0
442,30600,桑木灯檠,1,200,1,,生活技能,,,1,0,43,19,19,19,19
443,30600,榧木灯联,1,200,1,,园宅币,,,2,340,19,43,19,19,19
444,30600,天竺石灯,1,205,1,,园宅币,,,4,350,18,0,18,0,86
445,21100,朝霞锦壁灯,1,205,1,"0.5,1.2",园宅币,,,5,170,9,0,9,9,33
446,21100,仿栌斗壁灯,2,420,1,"0.5,1.2",园宅币,,,7,710,39,39,0,136,37
447,21100,塞云壁灯,2,420,1,"0.5,1.2",园宅币,,,8,710,37,0,176,37,0
448,21100,细布灯笼,1,200,1,"0.5,1.2",生活技能,,,1,0,9,9,32,0,9
449,21100,石青涂海水纹灯笼,1,205,1,"0.5,1.2",园宅币,,,3,170,9,9,22,9,9
450,21100,银平脱桐木壁灯,1,200,1,"0.5,1.2",园宅币,,,2,170,9,9,9,21,9
451,21100,桐木灯笼,1,200,1,"0.5,1.2",生活技能,,,1,0,9,9,9,9,21
452,21100,银月丹雘灯笼,4,860,1,"0.5,1.2",园宅币,,,13,4590,258,580,258,258,258
455,21700,九州港彩釉缸,1,200,1,"0.5,1.2",宠物游历,,,1,0,4,10,4,4,4
456,20400,回字平脱案,1,200,1,,生活技能,,,1,0,11,40,11,11,0
457,20400,栱型平脱案,1,200,1,,园宅币,,,3,210,11,0,40,11,11
458,20400,赤漆木几,2,400,1,,生活技能,,,1,0,45,0,210,45,0
459,20400,黄杨木翘头经案,1,205,1,,园宅币,,,4,210,11,41,11,0,11
467,30800,漆园池,4,800,1,,园宅币,,,11,30980,2175,2175,2175,2175,2175
484,30800,春意盎然,3,600,1,,园宅币,,,14,12390,870,870,870,870,870
487,30800,远游时祈,2,400,1,,园宅币,,,5,4950,278,278,626,278,278
492,11000,水池,1,200,1,,园宅币,,,1,1,0,0,0,0,0
513,20500,榧木椅,3,600,1,,生活技能,,,1,0,135,0,0,0,45
514,20500,桐木椅,4,800,1,,隐藏,,,1,0,72,162,72,72,72
515,20500,花梨木椅,4,860,1,,园宅会赛,,,1,0,0,120,0,0,362
516,20400,鹤朝红日案,3,600,1,,名剑大会5段,,,1,0,0,112,112,0,525
520,30200,混栽蔷薇藤,2,400,1,"0.5,1.2",园宅币,,,2,130,7,17,7,7,7
521,20100,白编绫被褥,2,410,1,,园宅币,,,5,2100,0,184,553,0,0
522,20100,明霞锦被褥,2,400,1,,生活技能,,,1,0,0,0,540,0,180
523,20100,鱼口绫被褥,2,400,1,,园宅币,,,4,2050,180,0,540,0,0
526,21900,鎏金大水缸,1,205,1,,园宅币,,,5,20,1,1,1,1,1
528,21900,木桶·一,1,200,1,,生活技能,,,1,0,1,1,1,1,1
541,20400,绿地云纹涂桌,1,205,1,,园宅币,,,1,210,11,0,11,11,41
542,20400,至德战区图·案,4,800,1,,血战天策,,,1,0,281,0,281,1312,0
543,20700,羊毛毡,2,400,1,"0.5,1.2",江湖贡献值,,,1,0,37,37,0,129,36
544,20700,霸刀褐毡,2,400,1,"0.5,1.2",霸刀声望尊敬,,,1,0,48,48,48,48,48
545,20700,长歌绣筵,2,400,1,"0.5,1.2",长歌声望尊敬,,,1,0,48,48,48,48,48
546,20700,蓬莱绣筵,2,400,1,"0.5,1.2",蓬莱声望尊敬,,,1,0,48,48,48,48,48
547,20700,七秀绣筵,2,400,1,"0.5,1.2",七秀声望尊敬,,,1,0,48,48,48,48,48
548,20700,万花绣筵,2,400,1,"0.5,1.2",万花声望尊敬,,,1,0,48,48,48,48,48
549,20700,丐帮褐毡,2,400,1,"0.5,1.2",丐帮声望尊敬,,,1,0,48,48,48,48,48
550,20700,五毒绣筵,2,400,1,"0.5,1.2",五毒声望尊敬,,,1,0,48,48,48,48,48
551,20700,唐门褐毡,2,400,1,"0.5,1.2",唐门声望尊敬,,,1,0,48,48,48,48,48
552,20700,天策褐毡,2,400,1,"0.5,1.2",天策声望尊敬,,,1,0,48,48,48,48,48
553,20700,少林褐毡,2,400,1,"0.5,1.2",少林声望尊敬,,,1,0,48,48,48,48,48
554,20700,明教褐毡,2,400,1,"0.5,1.2",明教声望尊敬,,,1,0,48,48,48,48,48
555,20700,纯阳绣筵,2,400,1,"0.5,1.2",纯阳声望尊敬,,,1,0,48,48,48,48,48
556,20700,苍云褐毡,2,400,1,"0.5,1.2",苍云声望尊敬,,,1,0,48,48,48,48,48
557,20700,藏剑褐毡,2,400,1,"0.5,1.2",藏剑声望尊敬,,,1,0,48,48,48,48,48
558,20600,相如意坐障,4,800,1,,仙侣庭院,,,1,0,877,0,4095,877,0
559,20600,阳剑坐障,4,800,1,,南诏皇宫,,,1,0,4095,877,0,0,877
560,20600,南天擂坐障,4,800,1,,龙渊泽,,,1,0,877,877,0,4095,0
561,20600,骊山梦坐障,3,600,1,,华清宫,,,1,0,362,0,351,362,1263
562,20600,黍香潇雨坐障,4,800,1,,隐藏,,,1,0,906,3159,877,906,0
563,20600,端阳立屏,3,600,1,,隐藏,,,1,0,0,362,1263,351,362
564,20600,端阳弄潮立屏,3,600,1,,隐藏,,,1,0,1263,362,362,0,351
565,20600,端阳弄潮坐障,4,800,1,,隐藏,,,1,0,906,906,0,3159,877
566,20600,黍香坐障,4,800,1,,隐藏,,,1,0,3159,906,0,877,906
567,20600,越千山坐障,3,600,1,,园宅币,,,1,6660,374,374,374,842,374
568,30700,一统志,4,800,1,,秦皇陵,,,1,0,2835,1260,1260,1260,1260
569,30700,皇帝名,4,1000,1,,秦皇陵,,,1,0,3543,1575,1575,1575,1575
570,30700,狼王战鼓,4,800,1,,战宝军械库,,,1,0,1220,0,4252,1220,1181
571,30700,莫愁鼓,3,600,1,,洛阳声望尊敬,,,1,0,0,0,472,2205,472
572,30700,绿地彩绘鼓,2,400,1,,江湖贡献值,,,1,0,201,201,201,453,201
573,30700,牧民战鼓,3,600,1,,园宅币,,,5,8970,472,472,0,2205,0
574,30700,画角,3,600,1,,园宅币,,,6,8970,504,504,1134,504,504
575,30700,金帐辉夜,3,600,1,,园宅币,,,7,8970,0,1701,488,472,488
576,30700,九天阖闾,4,800,1,,大明宫,,,1,0,1260,1260,1260,2835,1260
577,30700,老旧登闻鼓,3,600,1,,长安内城声望尊敬,,,1,0,0,787,0,2362,0
578,31400,至德战区图·立,4,800,1,,血战天策,,,1,0,693,0,2081,0,0
579,21600,至德战区图·挂,3,600,1,"0.5,1.2",太原声望钦佩,,,1,0,202,0,607,0,0
580,21600,全家福,1,200,1,"0.5,1.2",园宅币,,,2,230,12,12,43,0,12
581,21600,财源滚滚剪花,1,200,1,"0.5,1.2",园宅币,,,2,230,12,0,43,12,12
582,21600,年年有余剪花,1,200,1,"0.5,1.2",园宅币,,,2,230,12,56,0,0,12
583,21600,二龙献福剪花,1,200,1,"0.5,1.2",园宅币,,,2,230,0,56,12,0,12
584,30700,巨型毒伞菌,2,410,1,,宠物游历,,,3,0,193,193,0,0,904
585,31400,孔方摆件,2,400,1,,宠物游历,,,3,0,159,71,71,71,71
586,21700,鸟巢,1,205,1,"0.5,1.2",宠物游历,,,3,0,4,4,4,11,4
587,31400,七层浮屠,3,600,1,,宠物游历,,,3,0,599,166,172,172,0
588,31400,陶药炉,2,400,1,,宠物游历,,,3,0,0,0,333,0,111
589,31400,黄杨根药臼,3,600,1,,宠物游历,,,3,0,0,0,832,0,277
590,30700,日晷,3,615,1,,宠物游历,,,3,0,500,484,1743,500,0
591,30700,山城玉象饰件,3,615,1,,宠物游历,,,3,0,0,2260,484,0,484
592,30700,兽面纹黄铜鼎,2,410,1,,宠物游历,,,3,0,697,193,200,200,0
593,31400,昆山焰晶,4,800,1,,宠物游历,,,3,0,416,1942,0,0,416
594,31400,苗疆铁质大药炉,2,400,1,,宠物游历,,,3,0,66,0,310,66,0
595,31400,海龟甲,2,400,1,,宠物游历,,,3,0,71,71,71,71,159
596,31400,东海珠蚌,3,600,1,,宠物游历,,,3,0,0,777,166,166,0
597,21600,圣女石刻画,4,800,1,"0.5,1.2",荻花圣殿,,,1,0,324,324,324,729,324
598,21700,万象包罗,3,600,1,,微山书院,,,1,0,45,210,0,0,45
600,31400,仙掌动,4,800,1,,大明宫,,,1,0,1942,0,416,416,0
601,21700,仿铜敦博山炉,4,800,1,,南诏皇宫,,,1,0,562,0,187,0,0
602,21700,琉璃顶香浮屠,3,600,1,,稻香秘事,,,1,0,225,75,0,0,0
603,31400,天竺式香浮屠,3,600,1,,宠物游历,,,3,0,166,0,166,0,777
604,21600,蔓墙藤,3,600,1,"0.5,1.2",宠物游历,,,3,0,121,567,121,0,0
605,30300,苗疆菇群,3,615,1,"0.5,1.2",宠物游历,,,3,0,66,19,19,0,18
606,30300,歌朵兰漠仙人掌,3,615,1,"0.5,1.2",宠物游历,,,3,0,19,19,19,19,44
607,30300,毛竹春笋,3,615,1,"0.5,1.2",宠物游历,,,3,0,18,19,19,0,66
609,30600,夔龙问鼎,4,800,1,,永王行宫·花月别院,,,1,0,2100,0,450,450,0
610,30600,圣火石灯,3,600,1,,光明顶密道,,,1,0,180,180,0,840,0
611,21000,汉宫豆形灯,3,600,1,"0.5,1.2",墨家秘殿,,,1,0,135,0,630,135,0
612,21100,斗指乙灯笼,2,400,1,"0.5,1.2",园宅币,,,5,680,36,168,0,0,36
613,21100,北邙忆灯笼,2,410,1,"0.5,1.2",宠物游历,,,3,0,0,36,172,36,0
614,21100,臈缬宝相花灯笼,2,410,1,"0.5,1.2",宠物游历,,,3,0,39,39,39,88,39
615,21100,狼堑壁灯,3,600,1,"0.5,1.2",辉天堑声望钦佩,,,1,0,150,0,0,450,0
616,21100,烛龙壁灯,4,1000,1,"0.5,1.2",烛龙殿,,,1,0,1406,0,0,468,0
617,21100,榧木壁灯,2,410,1,"0.5,1.2",宠物游历,,,3,0,132,38,0,36,38
619,30600,太液清光,4,800,1,,大明宫,,,1,0,0,450,450,2100,0
620,30700,乌路蛇石像,3,615,1,,宠物游历,,,3,0,1743,484,500,500,0
621,30600,凤池璧影,3,600,1,,华清宫,,,1,0,432,192,192,192,192
622,30700,菩提会石灯,4,800,1,,战宝军械库,,,1,0,5512,0,1181,1181,0
623,21000,黄杨根灯檠,2,410,1,,宠物游历,,,3,0,0,0,55,258,55
624,21000,菩提木灯檠,1,200,1,,园宅币,,,1,250,14,14,14,32,14
625,30600,琉球社灯檠,2,410,1,,宠物游历,,,3,0,73,73,344,0,0
626,30700,错金饰青铜牛灯,4,800,1,,秦皇陵,,,1,0,1260,1260,2835,1260,1260
627,30600,福光临门,3,600,1,,隐藏,,,1,0,192,192,192,192,432
628,21200,倒转亭台暖夜纱,4,800,1,"0.5,1.2",白帝水宫,,,1,0,2820,2820,6345,2820,2820
629,21200,公输之质,4,800,1,"0.5,1.2",墨家秘殿,,,1,0,2820,2820,2820,6345,2820
630,30500,充气兽皮木筏,3,600,1,,侠客岛声望尊敬,,,1,0,9,9,9,9,21
631,30600,黍离悲,2,410,1,,宠物游历,,,3,0,78,78,78,177,78
632,30700,降羽仙,4,800,1,,华清宫,,,1,0,1260,1260,1260,2835,1260
633,30700,阿里曼花架,4,800,1,,荻花宫后山,,,1,0,1260,2835,1260,1260,1260
634,30700,迪多拉毒菇,4,800,1,,荻花洞窟,,,1,0,0,1181,1220,1220,4252
635,30700,混沌此生,4,800,1,,狼牙堡·辉天堑,,,1,0,1220,4252,1181,1220,0
636,30700,恶犬啖月,3,600,1,,太原之战·夜守孤城,,,1,0,504,504,504,504,1134
637,30700,雷煅柱,3,600,1,,风雷刀谷·锻刀厅,,,1,0,0,472,2205,0,472
638,30700,柳氏石柱,2,400,1,,宠物游历,,,3,0,201,201,201,453,201
639,31400,闲散客,3,600,1,,宠物游历,,,3,0,166,166,0,777,0
640,30700,异形饕餮蟾,3,600,1,,法王窟,,,1,0,472,2205,0,472,0
641,30700,越析战象雕,3,600,1,,南诏皇宫,,,1,0,504,504,504,1134,504
642,30700,蒙舍力士像,4,800,1,,南诏皇宫,,,1,0,0,1220,1181,4252,1220
643,21600,醉蛛墙饰,4,800,1,"0.5,1.2",烛龙殿,,,1,0,0,0,0,1518,506
644,31400,玉蟾宫焰晶,4,800,1,,烛龙殿,,,1,0,416,416,0,0,1942
645,30700,章尾啸,4,800,1,,烛龙殿,,,1,0,4252,1220,0,1181,1220
646,30700,相扑力士像,4,1000,1,,宫中神武遗迹,,,1,0,1525,1525,0,1476,5315
647,30700,蒙舍战神像,4,800,1,,南诏皇宫,,,1,0,1220,1181,1220,4252,0
648,30700,天子峰石剑,4,800,1,,天子峰,,,1,0,1968,0,5906,0,0
649,30700,堕凡尘,3,615,1,,宠物游历,,,3,0,484,484,0,0,2260
650,30700,踏列星,4,800,1,,飞沙令,,,1,0,2835,1260,1260,1260,1260
651,30700,唤雨呼风,3,600,1,,江湖贡献值,,,1,0,0,472,0,472,2205
652,30700,冰谷嘶风,4,800,1,,名剑大会12段,,,1,0,1260,2835,1260,1260,1260
653,31400,佳曲三弄,4,800,1,,宠物游历,,,3,0,416,416,0,0,1942
654,31400,仙芝清骨,3,600,1,,微山书院,,,1,0,0,277,0,0,832
655,21700,宾王博山炉,1,200,1,"0.5,1.2",园宅币,,,3,80,4,4,16,0,4
656,21100,银平脱灯笼,2,410,1,"0.5,1.2",宠物游历,,,3,0,184,61,0,0,0
657,30700,西湖石剑,2,410,1,,宠物游历,,,3,0,193,0,904,193,0
658,31400,青铜阔刀,2,400,1,,宠物游历,,,3,0,0,0,66,310,66
659,31100,鸟之语木桩,2,400,1,,园宅币,,,4,340,0,0,0,0,0
660,30700,栌斗廊柱,2,400,1,,九辩馆,,,1,0,453,201,201,201,201
661,30300,蛮蕨,3,600,1,"0.5,1.2",仙踪林,,,1,0,0,18,18,18,64
662,21600,苗石狼头,3,600,1,"0.5,1.2",九黎族声望钦佩,,,1,0,0,121,121,567,0
663,21600,苗石山羊头,3,615,1,"0.5,1.2",宠物游历,,,3,0,0,124,0,581,124
664,21600,苗石虎头,3,600,1,"0.5,1.2",霸刀·南离营声望钦佩,,,1,0,121,121,0,567,0
665,21600,苗石鹿头,3,615,1,"0.5,1.2",宠物游历,,,3,0,124,0,0,581,124
666,30700,“毒”字巨石,2,420,1,,园宅币,,,7,3760,992,0,0,330,0
667,31100,祥龙木桩,3,600,1,,夕颜阁,,,1,0,0,0,0,0,0
668,31100,天工机关木桩,3,600,1,,天工坊,,,1,0,0,0,0,0,0
669,21700,蓝蝶坠饰,3,600,1,"0.5,1.2",空雾峰,,,1,0,225,0,0,75,0
670,21700,兽牙坠饰,3,615,1,"0.5,1.2",宠物游历,,,3,0,76,0,0,230,0
671,31100,稻草人·蓑笠翁,1,200,1,,园宅币,,,1,80,0,0,0,0,0
672,31100,匾额·凌云堂,3,600,1,,江湖贡献值,,,1,0,0,0,0,0,0
673,31100,匾额·山海阁,3,600,1,,江湖贡献值,,,1,0,0,0,0,0,0
674,31100,匾额·忠义堂,3,600,1,,江湖贡献值,,,1,0,0,0,0,0,0
675,31100,匾额·忠烈堂,3,600,1,,江湖贡献值,,,1,0,0,0,0,0,0
676,31100,匾额·海天阁,3,600,1,,江湖贡献值,,,1,0,0,0,0,0,0
677,31100,匾额·聚义堂,3,600,1,,江湖贡献值,,,1,0,0,0,0,0,0
678,31100,匾额·聚贤阁,3,600,1,,江湖贡献值,,,1,0,0,0,0,0,0
716,21000,桐木灯檠,1,200,1,,生活技能,,,1,0,63,0,13,0,13
731,31300,宜室宜家,2,400,1,,园宅币,,,4,1360,72,74,74,0,259
732,31300,蝶来时,1,205,1,,园宅币,,,1,350,0,86,18,0,18
733,31300,仲夏香,1,200,1,,园宅币,,,2,340,18,84,18,0,0
734,20600,绮罗人物四牒屏,1,200,1,,生活技能,,,1,0,0,36,35,126,36
735,22000,旧妆奁,1,200,1,,园宅币,,,2,80,0,0,0,0,0
736,20300,赤漆药柜,1,200,1,,生活技能,,,1,0,14,0,14,0,69
737,20300,金平脱卷草纹柜,1,210,1,,园宅币,,,3,290,0,0,25,77,0
738,20300,金平脱紫檀柜,1,200,1,,园宅币,,,1,280,15,35,15,15,15
739,20300,赤漆柜,2,400,1,,生活技能,,,1,0,0,277,59,0,59
740,20500,橡木帽椅,1,200,1,,隐藏,,,1,0,3,3,3,3,3
741,20500,草蒲团,1,200,1,,园宅币,,,1,50,0,9,2,2,2
742,22000,古怪坐垫,1,200,1,,生活技能,,,1,0,0,0,0,0,0
743,22000,蓝染布卷,1,200,1,,生活技能,,,1,0,0,0,0,0,0
744,20800,水波幔·一,4,800,1,"0.5,1.2",隐藏,,,1,0,825,825,825,825,825
745,20800,水波幔·二,4,800,1,"0.5,1.2",隐藏,,,1,0,825,825,825,825,825
746,20800,水波幔·三,4,800,1,"0.5,1.2",隐藏,,,1,0,825,825,825,825,825
747,20800,水波幔·四,4,800,1,"0.5,1.2",隐藏,,,1,0,825,825,825,825,825
748,30600,竹制风灯,2,400,1,,生活技能,,,1,0,72,72,0,0,336
749,30600,天竺石阁阑灯,1,205,1,,园宅币,,,5,350,18,86,0,0,18
750,30600,罗浮石仿仓楼灯,1,210,1,,园宅币,,,6,350,18,18,88,0,0
751,21100,桑木壁灯,1,205,1,"0.5,1.2",园宅币,,,4,170,9,22,9,9,9
752,21100,粗布灯笼,1,200,1,"0.5,1.2",园宅币,,,1,170,21,9,9,9,9
753,21100,彩锦卷草灯笼,1,205,1,"0.5,1.2",园宅币,,,5,170,9,33,9,0,9
754,21100,悬铜铃灯笼,1,200,1,"0.5,1.2",生活技能,,,1,0,9,32,0,9,9
755,21100,潮思蔑编灯笼,3,600,1,"0.5,1.2",生活技能,,,1,0,0,90,420,0,90
758,21900,一罐清水,2,410,1,,园宅币,,,1,100,0,0,9,27,0
759,21900,旧石臼,1,205,1,,园宅币,,,3,20,1,1,1,1,1
760,21900,糯米酒,3,630,1,,园宅币,,,1,260,14,0,66,14,0
761,21900,一坛老酒,3,630,1,,宠物游历,,,1,0,0,14,66,0,14
762,21900,芦草席,1,200,1,,园宅币,,,1,20,1,1,1,1,1
763,21900,团匾,1,200,1,,园宅币,,,2,20,1,1,1,1,1
764,21900,茯苓散,1,205,1,,园宅币,,,3,20,1,1,1,1,1
765,21900,蔑编竹篮·二,1,200,1,,生活技能,,,1,0,1,1,1,1,1
766,21500,一张纸,1,205,1,"0.5,1.2",园宅币,,,1,80,4,4,4,4,11
767,20800,旧时帘,1,200,1,"0.5,1.2",生活技能,,,1,0,25,25,0,24,89
768,20800,故窗忆·一,1,200,1,"0.5,1.2",生活技能,,,1,0,89,24,25,25,0
769,20800,故窗忆·二,1,200,1,"0.5,1.2",生活技能,,,1,0,0,25,24,89,25
770,21900,蓑衣,1,205,1,,园宅币,,,3,20,1,1,1,1,1
771,21900,斗笠,1,205,1,,园宅币,,,3,20,1,1,1,1,1
772,21600,云山图,1,200,1,"0.5,1.2",宠物游历,,,1,0,56,12,12,0,0
773,21600,《兰亭集序》摹本,1,200,1,"0.5,1.2",园宅币,,,2,230,56,0,12,0,12
774,21600,鱼口绫装江雪图,1,200,1,"0.5,1.2",园宅币,,,1,230,56,12,0,0,12
775,21500,越窑兰纹缸,1,205,1,,园宅币,,,4,80,4,4,16,0,4
776,21500,赤漆晾架,2,420,1,,园宅币,,,6,350,0,19,18,68,19
777,20300,设妆奁矮柜,2,420,1,,园宅币,,,4,1180,0,103,0,0,311
779,20400,木书案,1,205,1,,园宅币,,,1,210,11,11,0,11,41
781,21900,废旧灶台,2,410,1,,园宅币,,,5,100,0,0,9,27,0
782,41100,粗陶花缸,1,200,1,,园宅币,,,1,80,0,0,0,0,0
783,41100,陶花鼎,1,200,1,,园宅币,,,6,80,0,0,0,0,0
784,30100,柳叶水甘草,3,600,1,"0.5,1.2",生活技能,,,2,0,9,42,0,0,9
786,30100,紫色石竹花,3,600,1,"0.5,1.2",生活技能,,,2,0,0,42,9,0,9
787,30100,六瓣葱莲,3,600,1,"0.5,1.2",生活技能,,,2,0,9,42,9,0,0
788,30100,麦仙翁,3,600,1,"0.5,1.2",生活技能,,,2,0,9,0,42,0,9
789,30100,铃兰,3,600,1,"0.5,1.2",生活技能,,,2,0,0,9,42,0,9
791,30301,朴树一,3,630,1,"0.5,1.2",园宅币,,,8,350,20,20,20,45,20
792,30301,朴树二,3,630,1,"0.5,1.2",园宅币,,,8,350,19,18,19,68,0
793,30300,红花月桃,3,630,1,"0.5,1.2",园宅币,,,9,350,68,19,0,18,19
794,30300,月桃,1,205,1,"0.5,1.2",园宅币,,,4,30,1,4,1,1,1
795,30300,羊齿蕨·二,1,205,1,"0.5,1.2",园宅币,,,5,30,1,1,1,4,1
796,30300,羊齿蕨·三,1,205,1,"0.5,1.2",园宅币,,,5,30,1,8,0,0,1
797,30300,紫色丁香树,3,645,1,"0.5,1.2",园宅币,,,10,360,20,20,20,20,46
798,30302,蔷薇·一,1,210,1,"0.5,1.2",园宅币,,,1,30,1,6,0,1,1
799,30302,蔷薇·二,1,210,1,"0.5,1.2",园宅币,,,1,30,1,6,1,0,1
800,30302,蔷薇·三,2,400,1,"0.5,1.2",园宅币,,,2,130,0,33,0,7,7
801,30302,蔷薇·四,2,400,1,"0.5,1.2",园宅币,,,2,130,0,33,7,0,7
802,30300,木槿,2,430,1,"0.5,1.2",园宅币,,,10,140,0,7,7,7,27
803,30300,栀子树,2,420,1,"0.5,1.2",园宅币,,,6,140,7,7,0,27,7
804,30300,三角梅,1,200,1,"0.5,1.2",园宅币,,,2,30,1,1,6,0,1
805,30300,小丛绿叶珠兰·三,1,200,1,"0.5,1.2",园宅币,,,1,30,1,4,1,1,1
806,30303,小丛红叶珠兰,2,420,1,"0.5,1.2",园宅币,,,6,140,0,7,7,27,7
807,30303,大丛绿叶珠兰·一,1,205,1,"0.5,1.2",园宅币,,,3,30,4,1,1,1,1
808,30303,大丛绿叶珠兰·二,1,205,1,"0.5,1.2",园宅币,,,3,30,6,1,1,1,0
809,30303,大丛黄叶珠兰·一,1,205,1,"0.5,1.2",园宅币,,,4,30,1,6,0,1,1
810,30303,大丛黄叶珠兰·二,1,205,1,"0.5,1.2",园宅币,,,4,30,1,6,1,0,1
811,30304,山茶树·一,1,210,1,"0.5,1.2",园宅币,,,8,30,0,1,6,1,1
812,30304,山茶树·二,1,210,1,"0.5,1.2",园宅币,,,8,30,1,1,6,1,0
813,30300,丛生散尾葵,2,420,1,"0.5,1.2",园宅币,,,9,140,27,0,7,7,7
814,30300,芭蕉树·二,3,645,1,"0.5,1.2",园宅币,,,10,360,0,90,19,19,0
815,30300,蓝叶小檗,4,840,1,"0.5,1.2",园宅币,,,12,890,47,220,0,0,47
816,30201,薜荔·一,1,200,1,"0.5,1.2",园宅币,,,2,30,1,0,6,1,1
817,30201,薜荔·二,1,200,1,"0.5,1.2",园宅币,,,2,30,1,1,6,0,1
818,30201,薜荔·三,1,200,1,"0.5,1.2",园宅币,,,2,30,0,1,6,1,1
819,30201,薜荔·四,1,200,1,"0.5,1.2",园宅币,,,2,30,1,1,6,1,0
820,30205,葎草·一,1,205,1,"0.5,1.2",园宅币,,,3,30,8,0,0,1,1
821,30205,葎草·二,1,205,1,"0.5,1.2",园宅币,,,3,30,8,1,0,0,1
822,30205,葎草·三,1,205,1,"0.5,1.2",园宅币,,,3,30,8,0,1,0,1
823,30205,葎草·四,1,205,1,"0.5,1.2",园宅币,,,3,30,8,1,0,1,0
824,30205,葎草·五,1,205,1,"0.5,1.2",园宅币,,,3,30,8,1,1,0,0
825,30206,蔷薇藤·一,2,400,1,"0.5,1.2",园宅币,,,2,130,7,25,7,0,7
826,30206,蔷薇藤·二,2,400,1,"0.5,1.2",园宅币,,,2,130,7,25,7,7,0
827,30206,蔷薇藤·三,2,400,1,"0.5,1.2",园宅币,,,2,130,25,7,0,7,7
828,30206,蔷薇藤·四,2,400,1,"0.5,1.2",园宅币,,,2,130,25,7,7,0,7
829,30206,蔷薇藤·五,2,400,1,"0.5,1.2",园宅币,,,2,130,25,7,7,7,0
830,30206,蔷薇藤·六,2,400,1,"0.5,1.2",园宅币,,,2,130,7,7,25,0,7
831,30206,蔷薇藤·七,2,400,1,"0.5,1.2",园宅币,,,2,130,0,7,25,7,7
832,30206,蔷薇藤·八,2,400,1,"0.5,1.2",园宅币,,,2,130,7,7,25,7,0
833,30206,蔷薇藤·九,2,400,1,"0.5,1.2",园宅币,,,2,130,7,7,7,0,25
834,30209,紫藤·一,3,630,1,"0.5,1.2",园宅币,,,7,350,20,45,20,20,20
835,30209,紫藤·二,3,630,1,"0.5,1.2",园宅币,,,7,350,19,68,0,19,18
836,30209,紫藤·三,2,410,1,"0.5,1.2",园宅币,,,5,140,0,34,0,7,7
837,30209,紫藤·四,2,410,1,"0.5,1.2",园宅币,,,5,140,7,34,7,0,0
838,30209,紫藤·五,2,410,1,"0.5,1.2",园宅币,,,5,140,0,34,7,0,7
839,30211,野橘藤·一,1,200,1,"0.5,1.2",园宅币,,,1,30,6,0,1,1,1
840,30210,青藤·一,1,200,1,"0.5,1.2",园宅币,,,1,30,6,1,0,1,1
841,30210,青藤·二,1,200,1,"0.5,1.2",园宅币,,,1,30,6,1,1,0,1
842,30215,爬山虎·一,1,205,1,"0.5,1.2",园宅币,,,4,30,1,1,4,1,1
843,30215,爬山虎·二,1,205,1,"0.5,1.2",园宅币,,,4,30,0,1,8,0,1
844,30215,爬山虎·三,1,205,1,"0.5,1.2",园宅币,,,4,30,1,1,8,0,0
845,30215,爬山虎·四,1,205,1,"0.5,1.2",园宅币,,,4,30,1,0,8,1,0
846,30215,爬山虎·五,1,205,1,"0.5,1.2",园宅币,,,4,30,0,0,8,1,1
847,30207,心叶藤·一,1,210,1,"0.5,1.2",园宅币,,,8,30,1,1,1,0,6
848,30207,心叶藤·二,1,210,1,"0.5,1.2",园宅币,,,8,30,1,0,1,1,6
849,30207,心叶藤·三,1,210,1,"0.5,1.2",园宅币,,,8,30,1,1,0,1,6
850,30207,心叶藤·四,1,210,1,"0.5,1.2",园宅币,,,8,30,1,1,1,0,6
851,30207,心叶藤·五,1,210,1,"0.5,1.2",园宅币,,,8,30,0,1,1,1,6
852,30207,心叶藤·六,1,210,1,"0.5,1.2",园宅币,,,9,30,0,1,1,0,8
853,30207,心叶藤·七,1,210,1,"0.5,1.2",园宅币,,,9,30,1,1,0,0,8
854,30207,心叶藤·八,1,210,1,"0.5,1.2",园宅币,,,9,30,0,0,1,1,8
855,30204,巨木山归来·一,4,860,1,"0.5,1.2",园宅币,,,12,910,48,0,49,174,49
856,30204,巨木山归来·二,4,860,1,"0.5,1.2",园宅币,,,12,910,49,49,0,174,48
857,30204,巨木山归来·三,4,860,1,"0.5,1.2",园宅币,,,12,910,0,49,48,174,49
858,30204,巨木山归来·四,4,860,1,"0.5,1.2",园宅币,,,12,910,49,48,49,174,0
859,30100,橙色葵百合,3,600,1,"0.5,1.2",生活技能,,,2,0,9,9,42,0,0
860,30100,无名芳蕨,3,600,1,"0.5,1.2",生活技能,,,2,0,42,0,9,0,9
861,30100,蓝瓣八仙花,3,600,1,"0.5,1.2",生活技能,,,2,0,42,0,9,0,9
862,30100,绯色八仙花,3,600,1,"0.5,1.2",生活技能,,,2,0,42,9,0,0,9
863,30100,红荣八仙花,2,400,1,"0.5,1.2",生活技能,,,2,0,16,3,3,0,0
864,30100,紫瓣八仙花,2,400,1,"0.5,1.2",生活技能,,,2,0,18,6,0,0,0
865,30100,纯白八仙花,2,400,1,"0.5,1.2",生活技能,,,2,0,18,0,0,0,6
866,30100,黄蕊八仙花,3,600,1,"0.5,1.2",生活技能,,,2,0,45,0,15,0,0
867,30100,碧华百合,3,600,1,"0.5,1.2",生活技能,,,2,0,9,0,42,0,9
868,30100,灿晖百合,3,600,1,"0.5,1.2",生活技能,,,2,0,0,9,42,0,9
869,30100,绯色百合,2,400,1,"0.5,1.2",生活技能,,,2,0,3,3,16,0,0
870,30100,白花百合,2,400,1,"0.5,1.2",生活技能,,,2,0,0,6,18,0,0
871,30100,黄蕊百合,2,400,1,"0.5,1.2",生活技能,,,2,0,0,0,18,0,6
872,30100,蓝锦牵牛,3,600,1,"0.5,1.2",生活技能,,,2,0,0,45,0,0,15
873,30100,绯锦牵牛,2,400,1,"0.5,1.2",生活技能,,,2,0,0,18,6,0,0
874,30100,红锦牵牛,2,400,1,"0.5,1.2",生活技能,,,2,0,3,16,3,0,0
875,30100,紫锦牵牛,2,400,1,"0.5,1.2",生活技能,,,2,0,0,16,3,0,3
876,30100,黄锦牵牛,3,600,1,"0.5,1.2",生活技能,,,2,0,9,42,0,0,9
877,30100,夜雨玫瑰,3,600,1,"0.5,1.2",生活技能,,,2,0,9,42,0,0,9
878,30100,湖风玫瑰,2,400,1,"0.5,1.2",生活技能,,,2,0,0,16,3,0,3
879,30100,涵春玫瑰,4,800,1,"0.5,1.2",生活技能,,,2,0,22,105,22,0,0
880,30100,灿晖玫瑰,2,400,1,"0.5,1.2",生活技能,,,2,0,3,16,3,0,0
881,30100,粉团玫瑰,2,400,1,"0.5,1.2",生活技能,,,2,0,0,16,3,0,3
882,30100,朱楼玫瑰,2,400,1,"0.5,1.2",生活技能,,,2,0,3,16,0,0,3
883,30100,禁彩玫瑰,3,600,1,"0.5,1.2",生活技能,,,2,0,0,45,0,0,15
884,30100,素信玫瑰,3,600,1,"0.5,1.2",生活技能,,,2,0,15,45,0,0,0
885,30100,虹霞玫瑰,4,800,1,"0.5,1.2",生活技能,,,2,0,0,112,37,0,0
886,30100,曦晖玫瑰,2,400,1,"0.5,1.2",生活技能,,,2,0,6,18,0,0,0
887,30100,彩色郁金香,3,600,1,"0.5,1.2",生活技能,,,2,0,0,9,9,0,42
888,30100,绯色郁金香,2,400,1,"0.5,1.2",生活技能,,,2,0,3,3,0,0,16
889,30100,红郁金香,2,400,1,"0.5,1.2",生活技能,,,2,0,3,0,3,0,16
890,30100,白郁金香,3,600,1,"0.5,1.2",生活技能,,,2,0,0,15,0,0,45
891,30100,黄郁金香,2,400,1,"0.5,1.2",生活技能,,,2,0,0,0,6,0,18
892,30100,蓝紫混色似秋英,3,600,1,"0.5,1.2",生活技能,,,2,0,42,9,0,0,9
894,30100,荧蓝菌,3,600,1,"0.5,1.2",生活技能,,,2,0,9,0,9,32,9
895,30100,荧红菌,2,400,1,"0.5,1.2",生活技能,,,2,0,3,3,0,12,3
896,30100,荧紫菌,3,600,1,"0.5,1.2",生活技能,,,2,0,0,9,9,32,9
897,30100,荧白菌,2,400,1,"0.5,1.2",生活技能,,,2,0,3,3,3,12,0
898,30100,荧黄菌,2,400,1,"0.5,1.2",生活技能,,,2,0,0,3,3,16,0
903,10601,江南连廊·一,1,200,1,,园宅币,,,5,40,3,3,3,3,3
904,10601,江南连廊·二,1,200,1,,园宅币,,,5,40,3,3,3,3,3
905,10601,江南连廊·三,1,200,1,,园宅币,,,5,40,3,3,3,3,3
906,10601,江南连廊·四,1,200,1,,园宅币,,,5,40,3,3,3,3,3
907,10601,江南连廊·五,1,200,1,,园宅币,,,5,40,3,3,3,3,3
908,10601,江南连廊·六,1,200,1,,园宅币,,,5,40,3,3,3,3,3
909,10601,江南连廊·七,1,200,1,,园宅币,,,5,40,3,3,3,3,3
910,10601,江南连廊·八,1,200,1,,园宅币,,,5,40,3,3,3,3,3
911,10601,江南连廊·九,1,200,1,,园宅币,,,5,40,3,3,3,3,3
912,10601,江南连廊·十,1,200,1,,园宅币,,,5,40,3,3,3,3,3
913,10601,江南连廊·十一,1,200,1,,园宅币,,,5,40,3,3,3,3,3
914,10601,江南连廊·十二,1,200,1,,园宅币,,,5,40,3,3,3,3,3
915,10801,江南石径·一,1,200,1,,园宅币,,,1,40,3,3,3,3,3
916,10801,江南石径·二,1,200,1,,园宅币,,,1,40,3,3,3,3,3
917,10801,江南石径·三,1,200,1,,园宅币,,,1,40,3,3,3,3,3
918,10801,江南石径·四,1,200,1,,园宅币,,,1,40,3,3,3,3,3
919,10801,江南石径·五,1,200,1,,园宅币,,,1,40,3,3,3,3,3
920,10801,江南石径·六,1,200,1,,园宅币,,,1,40,3,3,3,3,3
921,10801,江南石径·七,1,200,1,,园宅币,,,1,40,3,3,3,3,3
922,10801,江南石径·八,1,200,1,,园宅币,,,1,40,3,3,3,3,3
923,10801,江南石径·九,1,200,1,,园宅币,,,1,40,3,3,3,3,3
924,10801,江南石径·十,1,200,1,,园宅币,,,1,40,3,3,3,3,3
925,10801,江南石径·十一,1,200,1,,园宅币,,,1,40,3,3,3,3,3
926,10801,江南石径·十二,1,200,1,,园宅币,,,1,40,3,3,3,3,3
927,10801,江南石径·十三,1,200,1,,园宅币,,,1,40,3,3,3,3,3
928,10701,江南石板桥·一,1,200,1,,园宅币,,,3,40,3,3,3,3,3
929,10701,江南石板桥·二,1,200,1,,园宅币,,,3,40,3,3,3,3,3
930,10701,江南石板桥·三,1,200,1,,园宅币,,,3,40,3,3,3,3,3
931,10701,江南石板桥·四,1,200,1,,园宅币,,,3,40,3,3,3,3,3
932,10701,江南石板桥·五,1,200,1,,园宅币,,,3,40,3,3,3,3,3
933,10701,江南石板桥·六,1,200,1,,园宅币,,,3,40,3,3,3,3,3
934,10701,江南石板桥·七,1,200,1,,园宅币,,,3,40,3,3,3,3,3
935,10701,江南石板桥·八,1,200,1,,园宅币,,,3,40,3,3,3,3,3
936,10701,江南石板桥·九,1,200,1,,园宅币,,,4,40,3,3,3,3,3
937,10701,江南石板桥·十,1,200,1,,园宅币,,,4,40,3,3,3,3,3
938,10701,江南石板桥·十一,1,200,1,,园宅币,,,5,40,3,3,3,3,3
939,10502,江南粉墙·一,1,200,1,,园宅币,,,1,20,1,1,1,1,1
940,10502,江南粉墙·二,1,200,1,,园宅币,,,1,20,1,1,1,1,1
941,10502,江南粉墙·三,1,200,1,,园宅币,,,1,20,1,1,1,1,1
942,10502,江南粉墙·四,1,200,1,,园宅币,,,1,20,1,1,1,1,1
943,10502,江南粉墙·五,1,200,1,,园宅币,,,1,20,1,1,1,1,1
944,10502,江南粉墙·六,1,200,1,,园宅币,,,1,20,1,1,1,1,1
945,10502,江南粉墙·七,1,200,1,,园宅币,,,1,20,1,1,1,1,1
946,10502,江南粉墙·八,1,200,1,,园宅币,,,1,20,1,1,1,1,1
950,10502,江南粉墙·十二,1,210,1,,园宅币,,,4,20,1,1,1,2,1
951,10502,江南粉墙·十,1,210,1,,园宅币,,,5,20,1,1,1,1,2
952,10502,江南粉墙·十一,1,210,1,,园宅币,,,6,20,1,2,1,1,1
953,10505,江南径门·三,2,400,1,,园宅币,,,7,70,4,4,9,4,4
954,10505,江南径墙·一,2,400,1,,园宅币,,,5,70,5,5,5,5,5
955,10505,江南径墙·二,2,400,1,,园宅币,,,5,70,5,5,5,5,5
956,10505,江南径墙·三,2,400,1,,园宅币,,,5,70,5,5,5,5,5
957,10505,江南径墙·四,2,400,1,,园宅币,,,5,70,5,5,5,5,5
958,10505,江南径墙·五,2,400,1,,园宅币,,,5,70,5,5,5,5,5
959,10505,江南径墙·六,2,400,1,,园宅币,,,5,70,5,5,5,5,5
960,10505,江南径墙·七,2,400,1,,园宅币,,,5,70,5,5,5,5,5
961,10505,江南径墙·八,2,400,1,,园宅币,,,5,70,5,5,5,5,5
962,10505,江南径墙·九,2,400,1,,园宅币,,,5,70,5,5,5,5,5
963,10505,江南径墙·十,2,400,1,,园宅币,,,5,70,5,5,5,5,5
964,10505,江南径墙·十一,2,400,1,,园宅币,,,5,70,5,5,5,5,5
965,10505,江南径墙·十二,2,400,1,,园宅币,,,5,70,5,5,5,5,5
966,10505,江南径门·二,2,400,1,,园宅币,,,5,70,4,4,4,9,4
968,10505,江南径墙·十三,2,400,1,,园宅币,,,5,70,5,5,5,5,5
969,10505,江南径墙·十四,2,400,1,,园宅币,,,5,70,5,5,5,5,5
970,10505,江南径墙·十七,2,400,1,,园宅币,,,9,70,9,4,4,4,4
971,10505,江南径墙·十五,2,400,1,,园宅币,,,5,70,5,5,5,5,5
972,10505,江南径墙·十六,2,400,1,,园宅币,,,5,70,5,5,5,5,5
973,10505,江南径墙·十八,2,400,1,,园宅币,,,8,70,4,4,4,9,4
974,90300,4x4米,1,1,1,,入住家园赠送,,,1,0,0,0,0,0,0
975,90300,8x8米,1,1,1,,入住家园赠送,,,1,0,0,0,0,0,0
976,90300,10x10米,1,1,1,,入住家园赠送,,,1,0,0,0,0,0,0
977,90300,15x15米,1,1,1,,入住家园赠送,,,1,0,0,0,0,0,0
982,30800,碧玉之隅,3,600,1,,园宅币,,,12,12390,870,870,870,870,870
983,30800,天竺三叠,2,400,1,,园宅币,,,8,4950,278,278,278,626,278
984,30800,罗浮独笋假山,2,400,1,,园宅币,,,12,4950,348,348,348,348,348
985,30800,太湖独笋假山,2,400,1,,园宅币,,,13,4950,348,348,348,348,348
986,30800,樟香旧愿,4,800,1,,园宅币,,,14,30980,2175,2175,2175,2175,2175
987,30800,苦楝秋荫,2,400,1,,园宅币,,,8,4950,348,348,348,348,348
988,30800,古榕净思,4,800,1,,园宅币,,,9,30980,2175,2175,2175,2175,2175
989,30800,二月鲜·天竺石,2,400,1,,园宅币,,,7,4950,278,626,278,278,278
990,30800,二月鲜·罗浮石,2,400,1,,园宅币,,,11,4950,348,348,348,348,348
994,41000,茅厕,2,400,1,,园宅币,,,4,340,0,0,0,0,0
995,30800,罗浮青扶疏井阑,3,600,1,,园宅币,,,9,12390,870,870,870,870,870
996,30800,罗浮问名卜井阑,3,600,1,,园宅币,,,10,12390,870,870,870,870,870
997,30800,修竹篱门,3,600,1,,园宅币,,,10,12390,870,870,870,870,870
998,30800,紫竹苑门,2,400,1,,园宅币,,,12,4950,348,348,348,348,348
999,30501,西湖荷花·一,2,400,1,"0.5,1.2",园宅币,,,6,60,3,16,3,0,0
1000,30501,西湖荷花·二,3,600,1,"0.5,1.2",园宅币,,,6,170,9,42,9,0,0
1001,30501,西湖荷花·三,4,820,1,"0.5,1.2",园宅币,,,7,430,23,107,23,0,0
1002,30203,常春藤·一,2,410,1,"0.5,1.2",园宅币,,,5,140,7,7,7,26,0
1003,30203,常春藤·二,2,410,1,"0.5,1.2",园宅币,,,5,140,7,7,0,26,7
1004,30203,常春藤·三,2,410,1,"0.5,1.2",园宅币,,,5,140,0,7,7,26,7
1005,30500,池生蓼花,1,205,1,"0.5,1.2",园宅币,,,4,10,0,4,0,0,1
1006,30306,秦岭毛蕨·一,1,205,1,"0.5,1.2",园宅币,,,5,30,4,1,1,1,1
1007,30306,秦岭毛蕨·二,1,205,1,"0.5,1.2",园宅币,,,5,30,6,0,1,1,1
1008,30306,秦岭毛蕨·三,1,205,1,"0.5,1.2",园宅币,,,5,30,6,1,0,1,1
1009,30306,秦岭毛蕨·四,1,205,1,"0.5,1.2",园宅币,,,5,30,6,1,1,0,1
1010,30100,落花茵·六,1,210,1,,园宅币,,,6,10,1,4,0,0,0
1011,30300,长生玉簪,1,205,1,"0.5,1.2",园宅币,,,4,30,0,6,1,1,1
1012,31200,巫山置石·一,2,400,1,,园宅币,,,4,170,0,0,0,0,0
1013,31200,巫山置石·二,2,400,1,,园宅币,,,4,170,0,0,0,0,0
1014,31200,巫山置石·三,2,400,1,,园宅币,,,4,170,0,0,0,0,0
1015,31200,巫山置石·四,2,400,1,,园宅币,,,4,170,0,0,0,0,0
1016,31200,巫山置石·五,2,400,1,,园宅币,,,4,170,0,0,0,0,0
1017,31200,巫山置石·六,2,400,1,,园宅币,,,4,170,0,0,0,0,0
1018,31200,天竺石笋·一,3,600,1,,园宅币,,,6,420,0,0,0,0,0
1019,31200,罗浮石笋·一,3,600,1,,园宅币,,,6,420,0,0,0,0,0
1020,31200,天竺置石·一,1,200,1,,园宅币,,,1,40,0,0,0,0,0
1021,31200,天竺置石·二,1,200,1,,园宅币,,,1,40,0,0,0,0,0
1023,21500,罗浮石棋局,2,420,1,,园宅币,,,1,350,18,0,19,68,19
1024,31100,竹伞,2,400,1,,园宅币,,,8,340,0,0,0,0,0
1025,31100,东瀛文立牌,2,400,1,,宠物游历,,,1,0,0,0,0,0,0
1034,31100,一捆柴禾,1,200,1,,园宅币,,,1,80,0,0,0,0,0
1035,21900,大桶清水,1,200,1,,园宅币,,,2,20,1,1,1,1,1
1036,30300,南瓜·秧,1,210,1,"0.5,1.2",园宅币,,,8,30,0,1,8,0,1
1037,31100,野蔷薇矮架,2,400,1,,园宅币,,,3,340,0,0,0,0,0
1038,31100,矮茄架,2,400,1,,园宅币,,,3,340,0,0,0,0,0
1039,31100,黄瓜矮架,1,200,1,,园宅币,,,5,80,0,0,0,0,0
1040,41000,水井,3,600,1,,园宅币,,,4,850,0,0,0,0,0
1041,31200,碎石·五,1,200,1,,园宅币,,,2,40,0,0,0,0,0
1042,31200,碎石·六,1,200,1,,园宅币,,,1,40,0,0,0,0,0
1043,11205,卷草石栏杆·一,1,200,1,,园宅币,,,6,20,1,1,1,1,1
1044,11205,卷草石栏杆·二,1,200,1,,园宅币,,,6,20,1,1,1,1,1
1045,11205,卷草石栏杆·三,1,200,1,,园宅币,,,7,20,1,1,1,1,1
1046,11205,卷草石栏杆·四,1,200,1,,园宅币,,,7,20,1,1,1,1,1
1047,11205,卷草石栏杆·五,1,200,1,,园宅币,,,7,20,1,1,1,1,1
1052,31200,天竺石围,3,600,1,,园宅币,,,7,420,0,0,0,0,0
1053,31200,天竺石阑,3,600,1,,园宅币,,,8,420,0,0,0,0,0
1054,20500,蕉叶酒胡椅,3,600,1,,生活技能,,,1,0,45,0,0,135,0
1055,30800,贞娘怨,2,400,1,,园宅币,,,7,4950,626,278,278,278,278
1056,21900,石碾盘,3,630,1,,园宅币,,,8,260,0,14,14,66,0
1057,10800,青石小径·一,2,400,1,,园宅币,,,5,170,12,12,12,12,12
1058,31200,碎石·七,1,200,1,,园宅币,,,1,40,0,0,0,0,0
1059,31200,碎石·八,1,200,1,,园宅币,,,1,40,0,0,0,0,0
1060,30300,枯枫枝,1,205,1,"0.5,1.2",园宅币,,,4,30,1,6,1,1,0
1061,31100,青竹仿杓,2,400,1,,宠物游历,,,1,0,0,0,0,0,0
1062,30305,芋苗,1,210,1,"0.5,1.2",园宅币,,,7,30,1,1,6,1,0
1063,11216,卞山石栏杆·一,1,200,1,,园宅币,,,6,20,1,1,1,1,1
1064,11216,卞山石栏杆·二,1,200,1,,园宅币,,,6,20,1,1,1,1,1
1065,21900,木桶·四,1,200,1,,园宅币,,,2,20,1,1,1,1,1
1066,21900,一盆沃土,1,205,1,,园宅币,,,3,20,1,1,1,1,1
1067,31200,太湖石笋·一,2,400,1,,园宅币,,,1,170,0,0,0,0,0
1068,31200,太湖石笋·二,2,400,1,,园宅币,,,1,170,0,0,0,0,0
1069,31200,太湖石笋·三,2,400,1,,园宅币,,,2,170,0,0,0,0,0
1070,31200,碎石·九,1,200,1,,园宅币,,,1,40,0,0,0,0,0
1071,21900,陶缶,1,205,1,,园宅币,,,1,20,1,1,1,1,1
1072,22000,麻绳挂幔,1,200,1,,园宅币,,,5,80,0,0,0,0,0
1073,31200,罗浮置石·九,1,200,1,,园宅币,,,5,40,0,0,0,0,0
1074,31200,罗浮置石·十,1,200,1,,园宅币,,,5,40,0,0,0,0,0
1075,31100,竹影蔽,1,200,1,,园宅币,,,7,80,0,0,0,0,0
1076,31200,罗浮石笋·三,2,400,1,,园宅币,,,4,170,0,0,0,0,0
1077,31200,残缺石柱,1,200,1,,园宅币,,,3,40,0,0,0,0,0
1079,21900,几篓野蔷薇,1,205,1,,园宅币,,,1,20,1,1,1,1,1
1080,31100,晾衣架·一,1,200,1,,园宅币,,,3,80,0,0,0,0,0
1081,21900,蔑编竹篮·一,1,200,1,,宠物游历,,,1,0,1,1,1,1,1
1082,21900,瓠勺,2,400,1,,宠物游历,,,1,0,5,5,12,5,5
1083,11209,林虑石栏杆·一,1,200,1,,园宅币,,,6,20,1,1,1,1,1
1084,11209,林虑石栏杆·二,1,200,1,,园宅币,,,6,20,1,1,1,1,1
1089,31100,茅草堆·一,1,200,1,,园宅币,,,2,80,0,0,0,0,0
1091,31100,茅草堆·二,1,200,1,,园宅币,,,2,80,0,0,0,0,0
1092,31100,两束柴禾,1,200,1,,园宅币,,,1,80,0,0,0,0,0
1093,22000,竹竿,1,200,1,,园宅币,,,1,80,0,0,0,0,0
1094,31100,茶笼竹篱,2,400,1,,园宅币,,,6,340,0,0,0,0,0
1095,31100,铁锹,1,200,1,,园宅币,,,1,80,0,0,0,0,0
1096,22000,木爬架,1,200,1,,园宅币,,,2,80,0,0,0,0,0
1097,21100,锡灯笼,2,400,1,"0.5,1.2",生活技能,,,1,0,38,38,38,38,86
1098,21900,板车,2,400,1,,生活技能,,,1,0,5,5,5,12,5
1101,31100,茶簸箩,3,600,1,,园宅币,,,9,850,0,0,0,0,0
1102,31100,蚕架,3,600,1,,园宅币,,,8,850,0,0,0,0,0
1106,10903,零陵石地墁·微,3,600,1,,园宅币,,,1,430,30,30,30,30,30
1108,21900,琉球清酒,1,200,1,,园宅币,,,2,20,1,1,1,1,1
1109,31200,太湖石笋·四,2,400,1,,园宅币,,,2,170,0,0,0,0,0
1110,21100,长系锡灯笼,2,400,1,"0.5,1.2",生活技能,,,1,0,36,37,37,0,129
1111,21100,三叠锡灯笼,2,400,1,"0.5,1.2",生活技能,,,1,0,37,37,0,36,129
1112,31200,天竺置石·一,1,200,1,,园宅币,,,2,40,0,0,0,0,0
1113,31200,天竺置石·二,1,200,1,,园宅币,,,2,40,0,0,0,0,0
1114,31200,天竺置石·三,1,200,1,,园宅币,,,3,40,0,0,0,0,0
1115,31200,天竺石笋,2,400,1,,园宅币,,,4,170,0,0,0,0,0
1116,30600,罗浮石仿望楼灯,1,210,1,,园宅币,,,6,350,0,88,18,18,0
1117,30305,芋苗·二,1,210,1,"0.5,1.2",园宅币,,,7,30,1,0,6,1,1
1118,30305,芋苗·三,1,210,1,"0.5,1.2",园宅币,,,7,30,1,1,6,0,1
1119,31200,罗浮置石·一,1,200,1,,园宅币,,,2,40,0,0,0,0,0
1120,31200,罗浮置石·二,1,200,1,,园宅币,,,1,40,0,0,0,0,0
1121,31200,罗浮置石·三,1,200,1,,园宅币,,,3,40,0,0,0,0,0
1122,10800,柴径·一,1,200,1,,园宅币,,,1,40,3,3,3,3,3
1123,30300,灌种辛夷,2,410,1,"0.5,1.2",园宅币,,,5,140,7,0,7,26,7
1124,31200,罗浮石柱·一,3,600,1,,园宅币,,,7,420,0,0,0,0,0
1126,31200,罗浮石笋·二,3,600,1,,园宅币,,,7,420,0,0,0,0,0
1127,11200,排牙石栏杆,1,200,1,,园宅币,,,8,20,1,1,1,1,1
1130,10804,罗浮石径·一,1,200,1,,园宅币,,,1,40,3,3,3,3,3
1131,21500,数联经卷,1,205,1,"0.5,1.2",园宅币,,,1,80,16,0,4,4,4
1132,21500,彩画山水瓮,1,210,1,,园宅币,,,6,80,4,0,22,0,4
1133,20400,桑木榻足几,1,205,1,,生活技能,,,1,0,11,11,0,41,11
1134,21900,木桶·二,1,205,1,,园宅币,,,5,20,1,1,1,1,1
1136,22000,桑木旗杆,1,200,1,,园宅币,,,1,80,0,0,0,0,0
1137,31100,颓圮桑木架,1,200,1,,园宅币,,,1,80,0,0,0,0,0
1138,31100,葡萄架,2,400,1,,园宅币,,,1,340,0,0,0,0,0
1140,21600,《蒹葭》诗卷,1,205,1,"0.5,1.2",园宅币,,,3,230,20,62,0,0,0
1141,21900,一盆蓼蓝,1,205,1,,宠物游历,,,1,0,1,1,1,1,1
1142,21600,錾群鹭罗浮石,2,410,1,"0.5,1.2",园宅币,,,3,940,83,0,0,249,0
1143,21900,小桶清水,2,420,1,,园宅币,,,6,100,0,0,28,0,9
1144,21900,耙子,1,200,1,,园宅币,,,2,20,1,1,1,1,1
1145,21900,铁锹·二,1,200,1,,园宅币,,,2,20,1,1,1,1,1
1146,21900,锄头·一,1,200,1,,园宅币,,,1,20,1,1,1,1,1
1147,31100,马槽,1,200,1,,园宅币,,,2,80,0,0,0,0,0
1148,21900,石药臼,1,200,1,,园宅币,,,1,20,1,1,1,1,1
1149,21900,立地钓竿,1,205,1,,园宅币,,,3,20,1,1,1,1,1
1150,21500,天竺石棋局,2,420,1,,园宅币,,,7,350,18,88,18,0,0
1151,21900,木桶·三,1,200,1,,园宅币,,,1,20,1,1,1,1,1
1152,21900,素烹莲花白,1,200,1,,园宅币,,,1,20,1,1,1,1,1
1153,21900,樱桃肉,1,200,1,,园宅币,,,1,20,1,1,1,1,1
1154,21500,陶卧炉,1,205,1,"0.5,1.2",园宅币,,,5,80,4,0,4,4,16
1155,21500,宜兴点茶组器,4,860,1,,园宅币,,,12,2290,129,129,129,129,290
1156,21500,紫笋煎茶组器,4,860,1,,园宅币,,,14,2290,129,129,290,129,129
1158,31100,晾衣架·二,1,200,1,,园宅币,,,3,80,0,0,0,0,0
1159,21900,一斗清水,2,420,1,,园宅币,,,6,100,0,0,28,0,9
1160,22000,桑木原材,1,200,1,,园宅币,,,1,80,0,0,0,0,0
1161,21900,时令食材橱,2,420,1,,园宅币,,,7,100,0,0,9,28,0
1162,21900,一竿鲜鱼,2,420,1,,园宅币,,,6,100,0,0,28,0,9
1163,30300,南瓜·瓜,1,210,1,"0.5,1.2",园宅币,,,8,30,0,0,8,1,1
1164,31100,晾衣架·三,2,400,1,,宠物游历,,,1,0,0,0,0,0,0
1165,31100,晾衣架·四,1,200,1,,园宅币,,,3,80,0,0,0,0,0
1166,31100,晾衣架·五,1,200,1,,园宅币,,,6,80,0,0,0,0,0
1167,31100,晾衣架·六,1,200,1,,园宅币,,,6,80,0,0,0,0,0
1168,21900,石谷舂,1,200,1,,园宅币,,,1,20,1,1,1,1,1
1169,21900,时令蔬菜架,2,410,1,,园宅币,,,3,100,0,0,27,9,0
1170,21500,闲书,1,200,1,"0.5,1.2",园宅币,,,1,80,10,4,4,4,4
1171,21500,素简,1,205,1,"0.5,1.2",园宅币,,,1,80,4,4,11,4,4
1172,21500,木根茶函几,3,645,1,,园宅币,,,15,910,0,49,48,174,49
1173,21500,杂集数卷,1,205,1,"0.5,1.2",园宅币,,,5,80,4,16,0,4,4
1174,22000,小木踏,1,200,1,,园宅币,,,1,80,0,0,0,0,0
1175,21600,吴绫装山水图,1,205,1,"0.5,1.2",园宅币,,,4,230,44,12,12,0,12
1176,21600,吴绫装大君子图,1,205,1,"0.5,1.2",园宅币,,,4,230,58,12,12,0,0
1177,20400,铜平脱秫酒案,1,200,1,,园宅币,,,2,210,0,11,11,40,11
1178,21500,赤漆桑木棋局,3,645,1,,园宅币,,,14,910,49,0,48,49,174
1179,30300,栀子藤,1,210,1,"0.5,1.2",园宅币,,,7,30,0,8,1,1,0
1180,31100,黄杨根,3,600,1,,宠物游历,,,1,0,0,0,0,0,0
1181,20400,赤漆台案,1,200,1,,生活技能,,,1,0,40,11,11,0,11
1182,31200,碎石·一,1,200,1,,园宅币,,,1,40,0,0,0,0,0
1183,31200,碎石·二,1,200,1,,园宅币,,,1,40,0,0,0,0,0
1184,31200,碎石·三,1,200,1,,园宅币,,,1,40,0,0,0,0,0
1185,31200,罗浮石阑·一,3,600,1,,园宅币,,,6,420,0,0,0,0,0
1186,31200,罗浮石阑·二,3,600,1,,园宅币,,,6,420,0,0,0,0,0
1187,31200,巫山石笋·一,2,400,1,,园宅币,,,5,170,0,0,0,0,0
1188,31200,巫山石笋·二,2,400,1,,园宅币,,,5,170,0,0,0,0,0
1189,31200,巫山石笋·三,2,400,1,,园宅币,,,5,170,0,0,0,0,0
1190,31200,罗浮置石·四,1,200,1,,园宅币,,,3,40,0,0,0,0,0
1191,31200,罗浮置石·五,1,200,1,,园宅币,,,2,40,0,0,0,0,0
1192,31200,罗浮置石·六,1,200,1,,园宅币,,,2,40,0,0,0,0,0
1193,31200,天竺置石·四,1,200,1,,园宅币,,,3,40,0,0,0,0,0
1194,31000,蓼花地墁,4,860,1,"0.5,1.2",园宅币,,,10,450,0,0,0,0,0
1196,31000,青茅地墁,1,205,1,"0.5,1.2",园宅币,,,1,10,0,0,0,0,0
1197,31200,罗浮石笋·一,2,400,1,,园宅币,,,4,170,0,0,0,0,0
1198,31200,罗浮置石·七,1,200,1,,园宅币,,,5,40,0,0,0,0,0
1199,31200,罗浮置石·八,1,200,1,,园宅币,,,5,40,0,0,0,0,0
1200,31200,天竺置石·五,1,200,1,,园宅币,,,3,40,0,0,0,0,0
1201,31200,天竺置石·六,1,200,1,,园宅币,,,1,40,0,0,0,0,0
1202,30600,巫山石灯,2,420,1,,园宅币,,,8,1430,0,0,75,352,75
1203,30600,青石灯,1,210,1,,园宅币,,,7,350,0,0,88,18,18
1204,30600,榧木灯檠,1,205,1,,园宅币,,,3,350,19,19,44,19,19
1205,30600,素髹桑木灯檠,1,200,1,,生活技能,,,1,0,19,19,19,43,19
1209,31200,罗浮石柱·二,3,600,1,,园宅币,,,8,420,0,0,0,0,0
1210,30700,石牌,1,200,1,,园宅币,,,5,890,63,63,63,63,63
1211,11202,柴篱·一,4,860,1,,园宅币,,,14,460,0,24,24,112,0
1213,11202,柴篱·三,4,860,1,,园宅币,,,15,460,0,0,120,0,40
1219,10804,罗浮石径·二,1,200,1,,园宅币,,,1,40,3,3,3,3,3
1224,10804,罗浮石径·三,1,200,1,,园宅币,,,1,40,3,3,3,3,3
1225,10804,罗浮石径·四,1,200,1,,园宅币,,,1,40,3,3,3,3,3
1226,10804,罗浮石径·五,1,200,1,,园宅币,,,1,40,3,3,3,3,3
1227,10804,罗浮石径·六,1,200,1,,园宅币,,,1,40,3,3,3,3,3
1228,10804,罗浮石径·七,1,200,1,,园宅币,,,1,40,3,3,3,3,3
1229,31200,碎石·四,1,200,1,,园宅币,,,2,40,0,0,0,0,0
1233,30100,落花茵·一,1,205,1,"0.5,1.2",园宅币,,,3,10,0,0,0,0,4
1234,30100,落花茵·二,1,210,1,"0.5,1.2",园宅币,,,4,10,0,0,0,0,4
1235,30100,落花茵·三,1,210,1,"0.5,1.2",园宅币,,,4,10,0,0,0,0,4
1236,30100,落花茵·四,1,210,1,"0.5,1.2",园宅币,,,5,10,1,0,0,0,4
1237,30100,落花茵·五,1,210,1,"0.5,1.2",园宅币,,,6,10,0,1,0,0,4
1238,30306,秦岭毛蕨·五,1,205,1,"0.5,1.2",园宅币,,,5,30,1,1,6,1,0
1239,30306,秦岭毛蕨·六,1,205,1,"0.5,1.2",园宅币,,,5,30,0,1,8,0,1
1240,30306,秦岭毛蕨·七,1,205,1,"0.5,1.2",园宅币,,,5,30,1,1,8,0,0
1241,30203,常春藤·四,2,420,1,"0.5,1.2",园宅币,,,6,140,7,27,0,7,7
1242,30203,常春藤·五,2,420,1,"0.5,1.2",园宅币,,,6,140,7,27,7,0,7
1243,30203,常春藤·六,2,420,1,"0.5,1.2",园宅币,,,6,140,0,27,7,7,7
1244,30203,常春藤·七,2,420,1,"0.5,1.2",园宅币,,,6,140,7,27,7,7,0
1245,30208,青叶绿萝·一,2,420,1,"0.5,1.2",园宅币,,,9,140,7,0,35,0,7
1246,30208,青叶绿萝·二,2,420,1,"0.5,1.2",园宅币,,,9,140,0,7,35,0,7
1247,30208,青叶绿萝·三,2,420,1,"0.5,1.2",园宅币,,,9,140,0,7,35,7,0
1248,30501,西湖荷花·四,2,420,1,"0.5,1.2",园宅币,,,5,70,0,18,0,0,6
1249,30500,水苏浮萍,3,615,1,"0.5,1.2",园宅币,,,8,170,9,33,9,0,9
1250,30300,扁竹兰,1,205,1,"0.5,1.2",园宅币,,,5,30,0,1,8,1,0
1251,30300,千年健,1,210,1,"0.5,1.2",园宅币,,,6,30,8,1,0,1,0
1252,30306,秦岭毛蕨·八,1,205,1,"0.5,1.2",园宅币,,,5,30,1,0,8,1,0
1253,30300,白菜苗,1,210,1,"0.5,1.2",园宅币,,,6,30,8,0,1,0,1
1254,30300,一片南瓜藤,2,430,1,"0.5,1.2",园宅币,,,10,140,8,8,18,8,8
1255,21000,间关莺语灯檠,4,800,1,,小区7级,,,1,0,348,348,0,1215,337
1264,10503,绿竹墙·一,1,200,1,,生活技能,,,1,0,1,1,1,1,1
1265,10503,绿竹墙·二,1,200,1,,生活技能,,,1,0,1,1,1,1,1
1266,10503,绿竹墙·三,1,200,1,,生活技能,,,1,0,1,1,1,1,1
1267,10503,绿竹墙·四,1,200,1,,生活技能,,,1,0,1,1,1,1,1
1268,10503,绿竹墙·五,1,200,1,,生活技能,,,1,0,1,1,1,1,1
1269,10503,绿竹墙·六,1,200,1,,生活技能,,,1,0,1,1,1,1,1
1270,10503,绿竹墙·七,1,215,1,,生活技能,,,1,0,1,1,1,2,1
1271,10503,绿竹墙·八,1,215,1,,生活技能,,,1,0,1,2,1,1,1
1272,10506,蕉叶竹墙·一,3,600,1,,园宅币,,,8,170,12,12,12,12,12
1273,10506,蕉叶竹墙·二,3,600,1,,园宅币,,,8,170,12,12,12,12,12
1274,10506,蕉叶竹墙·三,3,600,1,,园宅币,,,8,170,12,12,12,12,12
1275,10506,蕉叶竹墙·五,3,600,1,,园宅币,,,8,170,12,12,12,12,12
1276,10506,蕉叶竹墙·六,3,600,1,,园宅币,,,8,170,12,12,12,12,12
1277,10506,蕉叶竹墙·七,3,630,1,,园宅币,,,1,180,10,10,10,23,10
1278,10506,蕉叶竹墙·八,3,630,1,,园宅币,,,1,180,10,23,10,10,10
1279,10506,蕉叶竹墙·九,3,630,1,,园宅币,,,12,180,23,10,10,10,10
1280,10506,蕉叶竹墙·十,3,630,1,,园宅币,,,1,180,10,10,23,10,10
1281,10506,蕉叶竹墙·十一,3,630,1,,园宅币,,,12,180,10,10,10,10,23
1282,11212,楠竹篱·九,2,420,1,,园宅币,,,15,70,0,0,3,3,17
1283,11212,楠竹篱·一,2,400,1,,园宅币,,,1,70,3,3,3,8,3
1284,11212,楠竹篱·二,2,400,1,,园宅币,,,1,70,3,3,3,8,3
1285,11212,楠竹篱·三,2,400,1,,园宅币,,,1,70,3,3,3,8,3
1286,11212,楠竹篱·四,2,400,1,,园宅币,,,1,70,3,3,3,8,3
1287,11212,楠竹篱·五,2,400,1,,园宅币,,,1,70,3,3,3,8,3
1288,11212,楠竹篱·六,2,400,1,,园宅币,,,1,70,3,3,3,8,3
1289,11212,楠竹篱·八,2,420,1,,园宅币,,,1,70,0,17,3,3,0
1290,11212,楠竹篱·七,2,400,1,,园宅币,,,1,70,3,3,3,8,3
1295,30400,黄花石榴苗,1,210,1,,园宅币,,,6,400,22,51,22,22,22
1296,30300,润州莫干山修竹,2,430,1,"0.5,1.2",园宅币,,,1,140,36,7,0,7,0
1297,30300,丛生广陵幼竹,3,645,1,"0.5,1.2",园宅币,,,10,360,0,19,19,0,90
1298,30300,湖湘高竹,3,645,1,"0.5,1.2",园宅币,,,9,360,90,0,19,0,19
1299,30400,斜生巴陵桃花,4,840,1,,园宅币,,,15,10090,549,549,0,531,1913
1300,30400,柳树,2,410,1,,园宅币,,,13,1570,298,83,85,85,0
1301,30403,太白山劲柏·一,1,215,1,,园宅币,,,8,410,21,21,0,101,0
1302,30403,太白山劲柏·二,1,205,1,,园宅币,,,13,390,22,22,22,49,22
1304,30403,太白山劲柏·三,1,205,1,,园宅币,,,14,390,21,20,21,74,0
1305,30403,太白山劲柏·四,1,215,1,,园宅币,,,8,410,0,0,21,101,21
1306,30400,夏生青叶榆树,1,210,1,,园宅币,,,6,400,21,21,76,21,0
1308,30400,丛生大叶榆,1,200,1,,园宅币,,,1,380,48,21,21,21,21
1309,30400,秋生黄叶女贞,1,205,1,,园宅币,,,3,390,22,49,22,22,22
1311,30400,海陵樱花,4,840,1,,园宅币,,,15,10090,567,567,567,567,1275
1312,30404,树生紫藤·一,2,420,1,"0.5,1.2",园宅币,,,7,1610,0,396,85,85,0
1313,30300,宣城拔笋竹,3,645,1,,园宅币,,,10,360,19,0,0,19,90
1314,30400,曲干十七龄梨花,4,820,1,,园宅币,,,14,9850,0,1868,536,518,536
1315,30400,曲干初秋生槭树,3,600,1,,园宅币,,,11,3840,209,729,0,209,202
1316,30400,树生青扶疏,1,200,1,,园宅币,,,1,380,21,21,21,48,21
1317,30400,六龄小叶榕,1,210,1,,园宅币,,,1,400,0,0,99,21,21
1318,30404,树生紫藤·二,2,420,1,,园宅币,,,6,1610,0,396,85,0,85
1321,30100,白花蓍草,3,645,1,"0.5,1.2",园宅币,,,9,180,34,9,9,0,9
1322,30100,射干,3,600,1,"0.5,1.2",生活技能,,,2,0,42,9,9,0,0
1323,30100,灌芙蓉,3,645,1,"0.5,1.2",园宅币,,,7,180,9,34,9,0,9
1324,30100,紫花地丁,3,600,1,"0.5,1.2",生活技能,,,2,0,9,0,9,0,42
1325,30100,粉色野花,3,600,1,"0.5,1.2",生活技能,,,2,0,9,9,0,0,42
1326,30100,白玉簪,2,430,1,"0.5,1.2",园宅币,,,8,70,3,3,13,0,3
1327,30100,蓝色野花,1,200,1,"0.5,1.2",园宅币,,,1,10,4,0,0,0,0
1328,30100,黄色野花,1,200,1,"0.5,1.2",园宅币,,,2,10,4,0,0,0,0
1329,30100,橙色野花,1,200,1,"0.5,1.2",园宅币,,,2,10,4,0,0,0,0
1330,30201,薜荔·五,2,420,1,"0.5,1.2",园宅币,,,7,140,0,0,35,7,7
1331,30404,树生紫藤·三,2,420,1,"0.5,1.2",园宅币,,,7,1610,85,306,87,0,87
1332,30209,紫藤·七,3,630,1,"0.5,1.2",园宅币,,,10,350,19,68,18,19,0
1333,30209,紫藤·八,3,630,1,"0.5,1.2",园宅币,,,10,350,18,88,0,0,18
1334,30209,紫藤·九,2,420,1,"0.5,1.2",园宅币,,,7,140,0,27,7,7,7
1335,30209,紫藤·十,3,630,1,"0.5,1.2",园宅币,,,10,350,0,88,0,18,18
1336,30209,紫藤·十一,3,630,1,"0.5,1.2",园宅币,,,10,350,18,88,0,18,0
1337,30209,紫藤·十二,3,630,1,"0.5,1.2",园宅币,,,10,350,0,88,18,0,18
1338,30209,紫藤·十三,3,630,1,"0.5,1.2",园宅币,,,11,350,18,88,18,0,0
1339,30209,紫藤·十四,3,630,1,"0.5,1.2",园宅币,,,11,350,0,88,18,18,0
1340,30210,青藤·三,1,205,1,"0.5,1.2",园宅币,,,3,30,1,1,1,1,4
1341,30211,野橘藤·二,1,200,1,"0.5,1.2",园宅币,,,2,30,1,4,1,1,1
1342,30209,紫藤·十五,3,630,1,"0.5,1.2",园宅币,,,11,350,0,94,31,0,0
1343,30209,紫藤·十六,3,630,1,"0.5,1.2",园宅币,,,11,350,31,94,0,0,0
1344,30302,蔷薇·五,3,600,1,"0.5,1.2",园宅币,,,2,340,18,18,0,18,64
1345,30200,荆藤,1,210,1,"0.5,1.2",园宅币,,,6,30,0,1,1,1,6
1346,30300,蓬蒿丛,1,200,1,"0.5,1.2",园宅币,,,2,30,1,1,1,4,1
1347,30307,太白毛蕨·一,2,410,1,"0.5,1.2",园宅币,,,4,140,7,7,17,7,7
1348,30307,太白毛蕨·二,2,410,1,"0.5,1.2",园宅币,,,4,140,7,0,26,7,7
1349,30307,太白毛蕨·三,2,410,1,"0.5,1.2",园宅币,,,4,140,7,7,26,0,7
1350,30307,太白毛蕨·四,2,410,1,"0.5,1.2",园宅币,,,4,140,0,7,26,7,7
1351,30308,沔阳野蕨·一,1,210,1,"0.5,1.2",园宅币,,,7,30,1,1,0,1,6
1352,30308,沔阳野蕨·二,1,210,1,"0.5,1.2",园宅币,,,7,30,1,1,1,0,6
1353,30308,沔阳野蕨·三,1,210,1,"0.5,1.2",园宅币,,,7,30,0,1,1,1,6
1354,30308,沔阳野蕨·四,1,210,1,"0.5,1.2",园宅币,,,7,30,0,0,1,1,8
1357,30300,薜荔苗,3,630,1,"0.5,1.2",园宅币,,,7,350,45,20,20,20,20
1361,30509,对座草浮萍·一,2,410,1,"0.5,1.2",园宅币,,,7,70,0,6,18,0,0
1362,30509,对座草浮萍·二,2,410,1,"0.5,1.2",园宅币,,,8,70,3,3,13,0,3
1363,30509,对座草浮萍·三,2,420,1,"0.5,1.2",园宅币,,,9,70,3,3,17,0,0
1364,30310,巣蕨·一,3,630,1,"0.5,1.2",园宅币,,,8,350,20,20,20,20,45
1365,30310,巣蕨·二,2,420,1,"0.5,1.2",园宅币,,,6,140,7,0,7,7,27
1366,30310,巣蕨·三,2,420,1,"0.5,1.2",园宅币,,,6,140,7,7,0,7,27
1367,30300,混栽八仙花·二,3,600,1,"0.5,1.2",生活技能,,,2,0,18,84,0,18,0
1368,30300,混栽八仙花·一,3,600,1,"0.5,1.2",生活技能,,,2,0,19,19,19,43,19
1369,30300,羊齿蕨·一,1,200,1,"0.5,1.2",园宅币,,,1,30,0,6,1,1,1
1370,30300,苏铁,3,630,1,"0.5,1.2",园宅币,,,7,350,68,19,19,0,18
1371,30303,大丛绿叶灌木三,2,410,1,"0.5,1.2",园宅币,,,5,140,26,7,7,7,0
1372,30304,山茶树·四,1,205,1,"0.5,1.2",园宅币,,,3,30,1,1,1,1,4
1373,30304,山茶树·三,1,200,1,"0.5,1.2",园宅币,,,1,30,1,1,4,1,1
1374,30300,芭蕉树·一,2,420,1,"0.5,1.2",园宅币,,,8,140,8,18,8,8,8
1375,30311,丛枝·松柏,1,200,1,"0.5,1.2",园宅币,,,2,30,1,1,0,6,1
1376,30311,丛枝·枯松柏,1,205,1,"0.5,1.2",园宅币,,,3,30,1,0,1,1,6
1377,30311,丛枝·蔷薇·一,2,420,1,"0.5,1.2",园宅币,,,9,140,7,0,7,7,27
1378,30311,丛枝·蔷薇·二,2,420,1,"0.5,1.2",园宅币,,,9,140,7,7,0,7,27
1379,30311,丛枝·黄杨·一,2,420,1,"0.5,1.2",园宅币,,,7,140,0,0,7,35,7
1380,30311,丛枝·黄杨·二,2,420,1,"0.5,1.2",园宅币,,,7,140,7,7,0,35,0
1381,30311,丛枝·菩提木·一,2,420,1,"0.5,1.2",园宅币,,,7,140,7,7,7,27,0
1382,30311,丛枝·菩提木·二,2,420,1,"0.5,1.2",园宅币,,,8,140,0,7,7,27,7
1383,30311,丛枝·菩提木·三,2,420,1,"0.5,1.2",园宅币,,,8,140,7,7,0,27,7
1384,30311,丛枝·菩提木·四,2,420,1,"0.5,1.2",园宅币,,,8,140,7,0,7,27,7
1385,30312,芦苇·一,2,420,1,"0.5,1.2",园宅币,,,9,140,0,27,7,7,7
1386,30312,芦苇·二,2,420,1,"0.5,1.2",园宅币,,,9,140,7,27,7,7,0
1387,10501,乌栅墙·十一,4,820,1,,园宅币,,,13,440,0,0,38,115,0
1388,10501,乌栅墙·十二,4,840,1,,园宅币,,,14,450,25,57,25,25,25
1389,10501,乌栅墙·一,3,600,1,,园宅币,,,12,170,12,12,12,12,12
1390,10501,乌栅墙·二,3,600,1,,园宅币,,,12,170,12,12,12,12,12
1391,10501,乌栅墙·三,3,600,1,,园宅币,,,12,170,12,12,12,12,12
1392,10501,乌栅墙·四,3,600,1,,园宅币,,,12,170,12,12,12,12,12
1393,10501,乌栅墙·五,3,600,1,,园宅币,,,12,170,12,12,12,12,12
1394,10501,蕉叶门,4,840,1,,园宅币,,,14,450,25,25,57,25,25
1395,10501,乌栅墙·六,3,600,1,,园宅币,,,12,170,12,12,12,12,12
1396,10501,乌栅墙·七,4,840,1,,园宅币,,,14,450,57,25,25,25,25
1397,10501,素帔门,4,820,1,,园宅币,,,12,440,83,23,24,24,0
1398,10501,乌栅墙·八,4,860,1,,园宅币,,,15,460,26,26,26,26,58
1399,10501,乌栅墙·九,4,860,1,,园宅币,,,15,460,24,24,0,0,113
1400,10501,乌栅墙·十,4,860,1,,园宅币,,,15,460,24,0,25,87,25
1401,10501,乌栅墙·十三,4,840,1,,园宅币,,,14,450,24,110,0,0,24
1411,10501,乌栅墙·连,3,600,1,,园宅币,,,12,170,12,12,12,12,12
1412,10502,江南粉墙·九,1,200,1,,园宅币,,,1,20,1,1,1,1,1
1413,40500,葵草宠座,1,200,1,,园宅币,,,3,80,0,0,0,0,0
1414,40500,桑木宠仓,3,600,1,,园宅币,,,15,850,0,0,0,0,0
1415,40500,蔑编栖架,2,400,1,,园宅币,,,3,340,0,0,0,0,0
1416,40500,榧木鼠笯,3,600,1,,园宅币,,,10,850,0,0,0,0,0
1417,10100,江南帖柱别业,3,600,1,,园宅币,,,9,17090,1200,1200,1200,1200,1200
1422,20600,狗狗祟祟屏,4,800,1,,活动,,,1,0,877,0,877,0,4095
1423,20600,桃兔乐坐障,4,800,1,,商城,,,1,0,0,877,0,877,4095
1424,20500,帮主扶手椅,4,800,1,,江湖贡献值,,,1,0,69,0,67,69,243
1425,20500,执夷坐垫,3,600,1,,隐藏,,,1,0,64,28,28,28,28
1426,20500,市井仙酒胡椅,4,860,1,,园宅币,,,12,1370,77,77,174,77,77
1427,20700,思无邪毡,4,800,1,"0.5,1.2",隐藏,,,1,0,0,375,0,0,1125
1429,20700,云祥寿清毡,4,800,1,"0.5,1.2",隐藏,,,1,0,375,0,0,0,1125
1430,20700,金线影枝毡,2,400,1,"0.5,1.2",生活技能,,,1,0,38,86,38,38,38
1431,20700,扁青染方毡,4,860,1,"0.5,1.2",园宅币,,,13,4590,258,258,580,258,258
1432,20700,染缬扇面毡,3,630,1,"0.5,1.2",园宅币,,,9,1790,226,100,100,100,100
1433,20700,方纹绫葵草席,2,400,1,"0.5,1.2",隐藏,,,1,0,48,48,48,48,48
1434,20700,润州绣舞筵,4,800,1,"0.5,1.2",范阳夜变,,,1,0,0,1125,375,0,0
1435,20800,鱼牙映园,3,600,1,"0.5,1.2",生活技能,,,1,0,247,0,247,0,1155
1436,20800,方纹绫帘·一,2,420,1,"0.5,1.2",园宅币,,,7,1970,0,103,485,0,103
1437,20800,方纹绫帘·二,2,420,1,"0.5,1.2",园宅币,,,7,1970,103,103,485,0,0
1438,20800,蓝雾海,4,800,1,"0.5,1.2",隐藏,,,1,0,2887,0,618,618,0
1439,20800,半窗朝霞,3,600,1,"0.5,1.2",小区6级,,,1,0,1155,247,0,0,247
1440,20800,绫罗挂幔,4,860,1,"0.5,1.2",园宅币,,,15,12630,709,709,709,709,1596
1441,21000,葱葱意灯檠,3,600,1,,园宅币,,,7,2560,135,139,486,0,139
1442,21000,扁青涂白蔷灯,3,600,1,"0.5,1.2",雀神点数,,,1,0,139,139,0,135,486
1443,21700,二进宫,4,800,1,"0.5,1.2",奇遇,,,1,0,0,187,0,0,562
1445,21600,水月一望,4,860,1,"0.5,1.2",园宅币,,,13,6200,348,348,348,348,783
1446,21600,佳夕盼雨,4,860,1,"0.5,1.2",园宅币,,,10,6200,348,783,348,348,348
1447,21600,长流连·一,2,410,1,"0.5,1.2",园宅币,,,5,940,0,232,49,0,49
1448,21600,长流连·二,2,420,1,"0.5,1.2",园宅币,,,6,960,51,238,0,0,51
1449,21600,闲时雨·二,3,630,1,"0.5,1.2",园宅币,,,7,2420,0,127,127,0,595
1450,21600,闲时雨·一,3,630,1,"0.5,1.2",园宅币,,,8,2420,127,127,0,0,595
1451,20300,平地波澜柜,4,800,1,,隐藏,,,1,0,396,396,396,891,396
1452,20300,榉木柜,4,800,1,,隐藏,,,1,0,396,396,396,396,891
1453,20400,葵草台案,2,400,1,,生活技能,,,1,0,45,45,0,210,0
1454,20400,葵草书案,2,400,1,,园宅币,,,3,850,210,0,45,0,45
1455,20400,嵌涵碧石几,4,820,1,,园宅币,,,13,5470,0,0,288,1345,288
1456,20400,带暖镬圆桌,1,200,1,,隐藏,,,1,0,15,15,15,15,15
1457,21700,九州港经瓶·莲蓬,3,630,1,"0.5,1.2",园宅币,,,7,890,0,0,236,0,78
1458,11201,梵意石栏杆·一,1,200,1,,园宅币,,,8,20,4,0,0,1,0
1459,11201,梵意石栏杆·二,1,200,1,,园宅币,,,8,20,4,0,0,1,0
1460,11201,梵意石栏杆·三,1,200,1,,园宅币,,,1,20,4,0,0,1,0
1461,11201,梵意石栏杆·四,1,200,1,,园宅币,,,8,20,4,0,0,1,0
1462,11201,梵意石栏杆·五,1,200,1,,园宅币,,,8,20,4,0,0,1,0
1463,11201,梵意石栏杆·六,1,200,1,,园宅币,,,8,20,4,0,0,1,0
1464,11204,汉白石栏杆·一,2,400,1,,园宅币,,,6,70,4,4,4,4,4
1465,11204,汉白石栏杆·二,2,400,1,,园宅币,,,6,70,4,4,4,4,4
1466,11204,汉白石栏杆·三,2,400,1,,园宅币,,,6,70,4,4,4,4,4
1467,11204,汉白石栏杆·四,2,400,1,,园宅币,,,6,70,4,4,4,4,4
1468,11204,汉白石栏杆·五,2,400,1,,园宅币,,,6,70,4,4,4,4,4
1469,11204,汉白石栏杆·六,2,400,1,,园宅币,,,6,70,4,4,4,4,4
1470,11203,翠泠竹篱·一,2,400,1,,生活技能,,,1,0,4,4,4,4,4
1471,11203,翠泠竹篱·二,2,400,1,,生活技能,,,1,0,4,4,4,4,4
1472,11203,翠泠竹篱·三,2,400,1,,生活技能,,,1,0,4,4,4,4,4
1473,11203,翠泠竹篱·四,2,400,1,,生活技能,,,1,0,4,4,4,4,4
1474,11203,翠泠竹篱·五,2,400,1,,生活技能,,,1,0,4,4,4,4,4
1475,11203,翠泠竹篱·六,2,400,1,,生活技能,,,1,0,4,4,4,4,4
1476,10802,目雷纹石径·一,2,400,1,,园宅币,,,5,170,12,12,12,12,12
1477,10802,目雷纹石径·二,2,400,1,,园宅币,,,5,170,12,12,12,12,12
1478,10802,目雷纹石径·三,2,400,1,,园宅币,,,5,170,12,12,12,12,12
1479,10802,目雷纹石径·四,2,400,1,,园宅币,,,5,170,12,12,12,12,12
1480,10802,目雷纹石径·五,2,400,1,,园宅币,,,5,170,12,12,12,12,12
1481,10802,目雷纹石径·六,2,400,1,,园宅币,,,5,170,12,12,12,12,12
1482,11202,柴篱·二,4,800,1,,园宅币,,,13,430,54,24,24,24,24
1483,11202,柴篱·四,4,800,1,,园宅币,,,13,430,54,24,24,24,24
1484,11202,柴篱·五,4,800,1,,园宅币,,,13,430,54,24,24,24,24
1485,11202,柴篱·六,4,800,1,,园宅币,,,13,430,54,24,24,24,24
1486,11202,柴篱·七,4,800,1,,园宅币,,,13,430,54,24,24,24,24
1487,11202,柴篱·八,4,800,1,,园宅币,,,13,430,54,24,24,24,24
1488,11201,梵意石栏杆·连,1,200,1,,园宅币,,,8,20,4,0,0,1,0
1489,11204,汉白石栏杆·连,2,400,1,,园宅币,,,6,70,4,4,4,4,4
1490,11203,翠泠竹篱·连,2,400,1,,生活技能,,,1,0,4,4,4,4,4
1491,10802,目雷纹石径·连,2,400,1,,园宅币,,,5,170,12,12,12,12,12
1492,11202,柴篱·连,4,800,1,,园宅币,,,13,430,54,24,24,24,24
1494,10901,平江石地墁·连,1,200,1,,园宅币,,,1,40,3,3,3,3,3
1495,10902,兖石地墁·连,2,400,1,,生活技能,,,1,0,12,12,12,12,12
1496,10803,太湖石径·一,3,600,1,,园宅币,,,7,430,30,30,30,30,30
1497,10803,太湖石径·二,3,600,1,,园宅币,,,7,430,30,30,30,30,30
1498,10803,太湖石径·三,3,600,1,,园宅币,,,7,430,30,30,30,30,30
1499,10803,太湖石径·四,3,600,1,,园宅币,,,7,430,30,30,30,30,30
1500,10803,太湖石径·五,3,600,1,,园宅币,,,7,430,30,30,30,30,30
1501,10803,太湖石径·六,3,600,1,,园宅币,,,7,430,30,30,30,30,30
1502,10901,平江石地墁·一,1,200,1,,园宅币,,,1,40,3,3,3,3,3
1503,10901,平江石地墁·二,1,200,1,,园宅币,,,1,40,3,3,3,3,3
1504,10901,平江石地墁·三,1,200,1,,园宅币,,,1,40,3,3,3,3,3
1505,10901,平江石地墁·四,1,200,1,,园宅币,,,1,40,3,3,3,3,3
1506,10901,平江石地墁·五,1,200,1,,园宅币,,,1,40,3,3,3,3,3
1507,10901,平江石地墁·六,1,200,1,,园宅币,,,1,40,3,3,3,3,3
1508,10902,兖石地墁·一,2,400,1,,生活技能,,,1,0,12,12,12,12,12
1509,10902,兖石地墁·二,2,400,1,,生活技能,,,1,0,12,12,12,12,12
1510,10902,兖石地墁·三,2,400,1,,生活技能,,,1,0,12,12,12,12,12
1511,10902,兖石地墁·四,2,400,1,,生活技能,,,1,0,12,12,12,12,12
1512,10902,兖石地墁·五,2,400,1,,生活技能,,,1,0,12,12,12,12,12
1513,10902,兖石地墁·六,2,400,1,,生活技能,,,1,0,12,12,12,12,12
1514,10803,太湖石径·回,3,645,1,,园宅币,,,8,460,25,25,25,25,58
1515,10903,零陵石地墁·一,3,600,1,,园宅币,,,6,430,30,30,30,30,30
1516,10903,零陵石地墁·二,3,600,1,,园宅币,,,6,430,30,30,30,30,30
1517,10903,零陵石地墁·三,3,600,1,,园宅币,,,6,430,30,30,30,30,30
1518,10903,零陵石地墁·四,3,600,1,,园宅币,,,6,430,30,30,30,30,30
1519,10903,零陵石地墁·五,3,600,1,,园宅币,,,6,430,30,30,30,30,30
1520,10903,零陵石地墁·六,3,600,1,,园宅币,,,6,430,30,30,30,30,30
1521,11214,箦竹篱·一,3,600,1,,园宅币,,,12,170,0,0,9,9,42
1522,11214,箦竹篱·二,3,600,1,,园宅币,,,12,170,0,0,9,9,42
1523,11214,箦竹篱·三,3,600,1,,园宅币,,,12,170,0,0,9,9,42
1524,11214,箦竹篱·四,3,600,1,,园宅币,,,12,170,0,0,9,9,42
1525,11214,箦竹篱·五,3,600,1,,园宅币,,,12,170,0,0,9,9,42
1526,11214,箦竹篱·六,3,600,1,,园宅币,,,12,170,0,0,9,9,42
1527,11210,杂色竹篱·一,1,200,1,,生活技能,,,1,0,0,1,0,0,4
1528,11210,杂色竹篱·二,1,200,1,,生活技能,,,1,0,0,1,0,0,4
1529,11210,杂色竹篱·三,1,200,1,,生活技能,,,1,0,0,1,0,0,4
1530,11210,杂色竹篱·四,1,200,1,,生活技能,,,1,0,0,1,0,0,4
1531,11210,杂色竹篱·五,1,200,1,,生活技能,,,1,0,0,1,0,0,4
1532,11210,杂色竹篱·六,1,200,1,,生活技能,,,1,0,0,1,0,0,4
1533,11206,平江石栏杆·一,3,600,1,,园宅币,,,7,170,9,9,9,21,9
1534,11206,平江石栏杆·二,3,600,1,,园宅币,,,7,170,9,9,9,21,9
1535,11206,平江石栏杆·三,3,600,1,,园宅币,,,7,170,9,9,9,21,9
1536,11206,平江石栏杆·四,3,600,1,,园宅币,,,7,170,9,9,9,21,9
1537,11206,平江石栏杆·五,3,600,1,,园宅币,,,7,170,9,9,9,21,9
1538,11206,平江石栏杆·六,3,600,1,,园宅币,,,7,170,9,9,9,21,9
1539,10903,零陵石地墁·连,3,600,1,,园宅币,,,6,430,30,30,30,30,30
1540,11214,箦竹篱·连,3,600,1,,园宅币,,,12,170,0,0,9,9,42
1541,11210,杂色竹篱·连,1,200,1,,生活技能,,,1,0,0,1,0,0,4
1542,11206,平江石栏杆·连,3,600,1,,园宅币,,,7,170,9,9,9,21,9
1544,10602,晴野连廊·一,1,200,1,,园宅币,,,9,40,3,3,3,3,3
1545,10602,晴野连廊·二,1,200,1,,园宅币,,,9,40,3,3,3,3,3
1546,10602,晴野连廊·三,1,200,1,,园宅币,,,9,40,3,3,3,3,3
1547,10602,晴野连廊·四,1,200,1,,园宅币,,,9,40,3,3,3,3,3
1548,10602,晴野连廊·五,1,200,1,,园宅币,,,9,40,3,3,3,3,3
1549,10602,晴野连廊·六,1,200,1,,园宅币,,,9,40,3,3,3,3,3
1550,10602,晴野连廊·七,1,200,1,,园宅币,,,9,40,3,3,3,3,3
1551,10602,晴野连廊·八,1,200,1,,园宅币,,,9,40,3,3,3,3,3
1552,10602,晴野连廊·九,1,200,1,,园宅币,,,9,40,3,3,3,3,3
1553,10602,晴野连廊·十,1,200,1,,园宅币,,,9,40,3,3,3,3,3
1554,10602,晴野连廊·十一,1,200,1,,园宅币,,,9,40,3,3,3,3,3
1555,10602,晴野连廊·十二,1,200,1,,园宅币,,,9,40,3,3,3,3,3
1556,10807,晴野竹径·一,1,200,1,,园宅币,,,6,40,3,3,3,3,3
1557,10807,晴野竹径·二,1,200,1,,园宅币,,,6,40,3,3,3,3,3
1558,10807,晴野竹径·三,1,200,1,,园宅币,,,6,40,3,3,3,3,3
1559,10807,晴野竹径·四,1,200,1,,园宅币,,,6,40,3,3,3,3,3
1560,10807,晴野竹径·五,1,200,1,,园宅币,,,6,40,3,3,3,3,3
1561,10807,晴野竹径·六,1,200,1,,园宅币,,,6,40,3,3,3,3,3
1562,10807,晴野竹径·七,1,200,1,,园宅币,,,6,40,3,3,3,3,3
1563,10807,晴野竹径·八,1,200,1,,园宅币,,,6,40,3,3,3,3,3
1564,10807,晴野竹径·九,1,200,1,,园宅币,,,6,40,3,3,3,3,3
1565,10807,晴野竹径·十,1,200,1,,园宅币,,,6,40,3,3,3,3,3
1566,10807,晴野竹径·十一,1,200,1,,园宅币,,,6,40,3,3,3,3,3
1567,10807,晴野竹径·十二,1,200,1,,园宅币,,,6,40,3,3,3,3,3
1568,10807,晴野竹径·十三,1,200,1,,园宅币,,,6,40,3,3,3,3,3
1569,10702,晴野竹桥·一,1,200,1,,园宅币,,,7,40,3,3,3,3,3
1570,10702,晴野竹桥·二,1,200,1,,园宅币,,,7,40,3,3,3,3,3
1571,10702,晴野竹桥·三,1,200,1,,园宅币,,,7,40,3,3,3,3,3
1572,10702,晴野竹桥·四,1,200,1,,园宅币,,,7,40,3,3,3,3,3
1573,10702,晴野竹桥·五,1,200,1,,园宅币,,,7,40,3,3,3,3,3
1574,10702,晴野竹桥·六,1,200,1,,园宅币,,,7,40,3,3,3,3,3
1575,10702,晴野竹桥·七,1,200,1,,园宅币,,,7,40,3,3,3,3,3
1576,10702,晴野竹桥·八,1,200,1,,园宅币,,,7,40,3,3,3,3,3
1577,10702,晴野竹桥·九,1,200,1,,园宅币,,,8,40,3,3,3,3,3
1578,10702,晴野竹桥·十,1,200,1,,园宅币,,,8,40,3,3,3,3,3
1579,10702,晴野竹桥·十一,1,200,1,,园宅币,,,9,40,3,3,3,3,3
1580,10504,晴野木墙·一,1,200,1,,园宅币,,,6,20,1,1,1,1,1
1581,10504,晴野木墙·二,1,200,1,,园宅币,,,6,20,1,1,1,1,1
1582,10504,晴野木墙·三,1,200,1,,园宅币,,,6,20,1,1,1,1,1
1583,10504,晴野木墙·四,1,200,1,,园宅币,,,6,20,1,1,1,1,1
1584,10504,晴野木墙·五,1,200,1,,园宅币,,,6,20,1,1,1,1,1
1585,10504,晴野木墙·六,1,200,1,,园宅币,,,6,20,1,1,1,1,1
1586,10504,晴野木墙·七,1,200,1,,园宅币,,,6,20,1,1,1,1,1
1587,10504,晴野木墙·八,1,200,1,,园宅币,,,6,20,1,1,1,1,1
1588,10504,晴野矮门,1,210,1,,园宅币,,,7,20,2,1,1,1,1
1589,10504,晴野鸱吻门,1,210,1,,园宅币,,,8,20,1,1,2,1,1
1590,10504,晴野影月门,1,210,1,,园宅币,,,10,20,1,2,1,1,1
1591,10504,晴野木墙·十,1,210,1,,园宅币,,,9,20,1,1,1,2,1
1592,10504,晴野木墙·九,1,200,1,,园宅币,,,6,20,1,1,1,1,1
1593,10504,晴野木墙·十一,1,210,1,,园宅币,,,10,20,1,0,1,0,4
1594,10504,晴野木墙·十二,1,210,1,,园宅币,,,11,20,0,1,0,1,4
1595,10507,晴野径墙·一,2,400,1,,园宅币,,,9,70,5,5,5,5,5
1596,10507,晴野径墙·二,2,400,1,,园宅币,,,9,70,5,5,5,5,5
1597,10507,晴野径墙·三,2,400,1,,园宅币,,,9,70,5,5,5,5,5
1598,10507,晴野径墙·四,2,400,1,,园宅币,,,9,70,5,5,5,5,5
1599,10507,晴野径墙·五,2,400,1,,园宅币,,,9,70,5,5,5,5,5
1600,10507,晴野径墙·六,2,400,1,,园宅币,,,9,70,5,5,5,5,5
1601,10507,晴野径墙·七,2,400,1,,园宅币,,,9,70,5,5,5,5,5
1602,10507,晴野径墙·八,2,400,1,,园宅币,,,9,70,5,5,5,5,5
1603,10507,晴野径墙·九,2,400,1,,园宅币,,,9,70,5,5,5,5,5
1604,10507,晴野径墙·十,2,400,1,,园宅币,,,9,70,5,5,5,5,5
1605,10507,晴野径墙·十一,2,400,1,,园宅币,,,9,70,5,5,5,5,5
1606,10507,晴野径墙·十二,2,400,1,,园宅币,,,9,70,5,5,5,5,5
1607,10507,晴野径墙·十三,2,400,1,,园宅币,,,9,70,5,5,5,5,5
1608,10507,晴野径墙·廿,2,420,1,,园宅币,,,10,70,4,4,9,4,4
1609,10507,晴野径门,2,420,1,,园宅币,,,10,70,9,4,4,4,4
1610,10507,晴野径墙·十四,2,400,1,,园宅币,,,9,70,5,5,5,5,5
1611,10507,晴野径墙·十五,2,400,1,,园宅币,,,9,70,5,5,5,5,5
1612,10507,晴野径墙·廿一,2,420,1,,园宅币,,,11,70,4,9,4,4,4
1613,10507,晴野径墙·十六,2,400,1,,园宅币,,,9,70,5,5,5,5,5
1614,10507,晴野径墙·十七,2,400,1,,园宅币,,,9,70,5,5,5,5,5
1615,10507,晴野径墙·十八,2,400,1,,园宅币,,,9,70,5,5,5,5,5
1616,10507,晴野径墙·十九,2,420,1,,园宅币,,,10,70,4,4,4,9,4
1617,10602,晴野连廊·连,1,200,1,,园宅币,,,9,40,3,3,3,3,3
1618,10807,晴野竹径·连,1,200,1,,园宅币,,,6,40,3,3,3,3,3
1619,10702,晴野竹桥·连,1,200,1,,园宅币,,,7,40,3,3,3,3,3
1620,10504,晴野木墙·连,1,200,1,,园宅币,,,6,20,1,1,1,1,1
1622,10100,晴野茅檐楼,2,400,1,,园宅币,,,11,6840,480,480,480,480,480
1623,10100,晴野广庭楼,4,800,1,,园宅币,,,15,42740,3000,3000,3000,3000,3000
1624,10100,晴野华檐楼,4,800,1,,园宅币,,,13,42740,3000,3000,3000,3000,3000
1625,10100,晴野茅檐馆,3,600,1,,园宅币,,,13,17090,1200,1200,1200,1200,1200
1626,10100,晴野华檐阕,4,800,1,,园宅币,,,15,42740,3000,3000,3000,3000,3000
1627,10200,晴野西厢,2,400,1,,园宅币,,,9,5130,360,360,360,360,360
1628,10200,晴野东厢,2,400,1,,园宅币,,,9,5130,360,360,360,360,360
1629,10100,晴野月门馆,1,200,1,,园宅币,,,6,1710,120,120,120,120,120
1630,10100,晴野仓楼,1,200,1,,园宅币,,,9,1710,120,120,120,120,120
1631,10100,晴野院庭,1,200,1,,园宅币,,,6,1710,120,120,120,120,120
1632,10200,晴野堂馆,1,200,1,,园宅币,,,6,1280,90,90,90,90,90
1633,10200,晴野开轩馆,1,200,1,,园宅币,,,6,1280,90,90,90,90,90
1634,10100,晴野帖木皮馆,1,200,1,,园宅币,,,6,1710,120,120,120,120,120
1636,10300,晴野风亭,2,400,1,,园宅币,,,9,2220,156,156,156,156,156
1637,10300,晴野琴亭,2,400,1,,园宅币,,,9,2220,156,156,156,156,156
1638,10100,晴野花楹别业,3,600,1,,园宅币,,,11,17090,1200,1200,1200,1200,1200
1639,10100,晴野广庭别业,2,400,1,,园宅币,,,14,6840,480,480,480,480,480
1640,10100,晴野帖柱别业,2,400,1,,园宅币,,,11,6840,480,480,480,480,480
1641,10100,晴野隐椽馆,1,200,1,,园宅币,,,6,1710,120,120,120,120,120
1642,10100,晴野雕枋楼,1,200,1,,园宅币,,,9,1710,120,120,120,120,120
1643,10100,晴野雁翅楼,2,400,1,,园宅币,,,11,6840,480,480,480,480,480
1644,10100,晴野望楼,2,400,1,,园宅币,,,11,6840,480,480,480,480,480
1646,10100,晴野玄墀馆,2,400,1,,园宅币,,,9,6840,480,480,480,480,480
1647,10100,晴野黄杨帖柱楼,3,600,1,,园宅币,,,11,17090,1200,1200,1200,1200,1200
1648,10300,晴野月亭,3,600,1,,园宅币,,,11,5560,390,390,390,390,390
1649,10300,晴野八椽亭,3,600,1,,园宅币,,,11,5560,390,390,390,390,390
1650,11301,石制小笔刷一,1,200,1,,园宅币,,,1,10,0,0,0,0,0
1651,11301,石制小笔刷二,1,200,1,,园宅币,,,1,10,0,0,0,0,0
1652,11301,石制小笔刷三,1,200,1,,园宅币,,,1,10,0,0,0,0,0
1653,11301,石制小笔刷四,1,200,1,,园宅币,,,1,10,0,0,0,0,0
1654,11301,石制小笔刷五,1,200,1,,园宅币,,,1,10,0,0,0,0,0
1655,11301,石制小笔刷六,1,200,1,,园宅币,,,1,10,0,0,0,0,0
1656,11302,石制大笔刷一,1,200,1,,园宅币,,,1,10,0,0,0,0,0
1657,11302,石制大笔刷二,1,200,1,,园宅币,,,1,10,0,0,0,0,0
1658,11302,石制大笔刷三,1,200,1,,园宅币,,,1,10,0,0,0,0,0
1659,11302,石制大笔刷四,1,200,1,,园宅币,,,1,10,0,0,0,0,0
1660,11302,石制大笔刷五,1,200,1,,园宅币,,,1,10,0,0,0,0,0
1661,11302,石制大笔刷六,1,200,1,,园宅币,,,1,10,0,0,0,0,0
1662,11302,石制小三角,1,200,1,,园宅币,,,1,10,0,0,0,0,0
1663,11302,石制大三角,1,200,1,,园宅币,,,1,10,0,0,0,0,0
1664,11302,石制小楼梯,1,200,1,,园宅币,,,1,10,0,0,0,0,0
1665,11302,石制中楼梯,1,200,1,,园宅币,,,1,10,0,0,0,0,0
1666,11302,石制大楼梯,1,200,1,,园宅币,,,1,10,0,0,0,0,0
1667,11303,木制小笔刷一,1,200,1,,园宅币,,,1,10,0,0,0,0,0
1668,11303,木制小笔刷二,1,200,1,,园宅币,,,1,10,0,0,0,0,0
1669,11303,木制小笔刷三,1,200,1,,园宅币,,,1,10,0,0,0,0,0
1670,11303,木制小笔刷四,1,200,1,,园宅币,,,1,10,0,0,0,0,0
1671,11303,木制小笔刷五,1,200,1,,园宅币,,,1,10,0,0,0,0,0
1672,11303,木制小笔刷六,1,200,1,,园宅币,,,1,10,0,0,0,0,0
1673,11304,木制大笔刷一,1,200,1,,园宅币,,,1,10,0,0,0,0,0
1674,11304,木制大笔刷二,1,200,1,,园宅币,,,1,10,0,0,0,0,0
1675,11304,木制大笔刷三,1,200,1,,园宅币,,,1,10,0,0,0,0,0
1676,11304,木制大笔刷四,1,200,1,,园宅币,,,1,10,0,0,0,0,0
1677,11304,木制大笔刷五,1,200,1,,园宅币,,,1,10,0,0,0,0,0
1678,11304,木制大笔刷六,1,200,1,,园宅币,,,1,10,0,0,0,0,0
1679,11304,木制小三角,1,200,1,,园宅币,,,1,10,0,0,0,0,0
1680,11304,木制大三角,1,200,1,,园宅币,,,1,10,0,0,0,0,0
1681,11304,木制小楼梯,1,200,1,,园宅币,,,1,10,0,0,0,0,0
1682,11304,木制中楼梯,1,200,1,,园宅币,,,1,10,0,0,0,0,0
1683,11304,木制大楼梯,1,200,1,,园宅币,,,1,10,0,0,0,0,0
1688,30901,流连·紫,2,400,1,"0.5,1.2",园宅币,,,4,560,0,148,0,0,49
1689,30901,流连·白,2,400,1,"0.5,1.2",园宅币,,,4,560,0,148,0,0,49
1690,30901,流连·红,2,400,1,"0.5,1.2",园宅币,,,3,560,0,148,0,0,49
1691,30901,流连·黄,2,400,1,"0.5,1.2",园宅币,,,3,560,0,148,0,0,49
1692,30901,流连·黄紫,2,420,1,"0.5,1.2",园宅币,,,7,590,0,155,0,0,51
1693,30901,流连·红白,2,420,1,"0.5,1.2",园宅币,,,8,590,0,155,0,0,51
1694,30901,流连·蓝紫,2,420,1,"0.5,1.2",园宅币,,,9,590,0,155,0,0,51
1695,30901,流连·华彩,3,600,1,"0.5,1.2",园宅币,,,15,1410,0,371,0,0,123
1696,30901,流连·清素,3,600,1,"0.5,1.2",园宅币,,,10,1410,0,371,0,0,123
1697,30902,红尘·一,3,600,1,"0.5,1.2",园宅币,,,9,1410,0,371,0,0,123
1698,30902,红尘·二,2,400,1,"0.5,1.2",园宅币,,,8,560,0,148,0,0,49
1699,30902,红尘·三,2,400,1,"0.5,1.2",园宅币,,,7,560,0,148,0,0,49
1700,30902,红尘·四,3,600,1,"0.5,1.2",园宅币,,,8,1410,0,371,0,0,123
1701,30900,飘鸿,3,600,1,"0.5,1.2",园宅币,,,8,1410,74,74,0,0,346
1702,30903,黄泉·一,2,400,1,"0.5,1.2",宠物游历,,,1,0,148,49,0,0,0
1703,30903,黄泉·二,2,400,1,"0.5,1.2",园宅币,,,3,560,148,49,0,0,0
1704,30903,黄泉·三,2,400,1,"0.5,1.2",宠物游历,,,1,0,148,49,0,0,0
1705,30903,黄泉·四,2,400,1,"0.5,1.2",园宅币,,,4,560,148,49,0,0,0
1706,30903,黄泉·五,2,420,1,"0.5,1.2",园宅币,,,6,590,155,51,0,0,0
1707,30903,黄泉·六,2,420,1,"0.5,1.2",园宅币,,,6,590,155,51,0,0,0
1708,30903,黄泉·七,2,420,1,"0.5,1.2",宠物游历,,,1,0,155,51,0,0,0
1709,30903,黄泉·八,2,420,1,"0.5,1.2",飞沙令,,,1,0,155,51,0,0,0
1711,30904,瑞象·一,2,400,1,"0.5,1.2",园宅币,,,5,560,0,49,148,0,0
1712,30904,瑞象·二,2,400,1,"0.5,1.2",园宅币,,,5,560,0,49,148,0,0
1713,30904,瑞象·三,2,400,1,"0.5,1.2",园宅币,,,5,560,0,49,148,0,0
1714,30904,瑞象·四,3,600,1,"0.5,1.2",园宅币,,,5,1410,0,123,371,0,0
1715,30904,瑞象·五,3,600,1,"0.5,1.2",园宅币,,,10,1410,0,123,371,0,0
1719,30904,瑞象·六,2,400,1,"0.5,1.2",园宅币,,,4,560,0,49,148,0,0
1720,30904,瑞象·七,2,400,1,"0.5,1.2",园宅币,,,4,560,0,49,148,0,0
1721,30904,瑞象·八,2,400,1,"0.5,1.2",园宅币,,,4,560,0,49,148,0,0
1722,30904,瑞象·九,2,400,1,"0.5,1.2",园宅币,,,4,560,0,49,148,0,0
1723,30904,瑞象·十,3,600,1,"0.5,1.2",园宅币,,,9,1410,0,123,371,0,0
1724,30905,逢君时·一,3,600,1,"0.5,1.2",园宅币,,,7,1410,74,74,0,0,346
1725,30905,逢君时·二,3,600,1,"0.5,1.2",园宅币,,,8,1410,74,74,0,0,346
1726,30905,逢君时·三,3,600,1,"0.5,1.2",园宅币,,,9,1410,74,74,0,0,346
1727,30905,逢君时·四,3,600,1,"0.5,1.2",园宅币,,,6,1410,74,74,0,0,346
1728,30905,逢君时·五,3,600,1,"0.5,1.2",园宅币,,,12,1410,74,74,0,0,346
1729,30905,逢君时·六,3,600,1,"0.5,1.2",园宅币,,,7,1410,74,74,0,0,346
1730,30906,年光·萤落·白,4,800,1,"0.5,1.2",园宅币,,,8,3520,309,928,0,0,0
1731,30906,年光·萤落·绿,4,800,1,"0.5,1.2",园宅币,,,9,3520,309,928,0,0,0
1732,30906,年光·萤落·蓝,4,800,1,"0.5,1.2",园宅币,,,12,3520,309,928,0,0,0
1733,30906,年光·萤落·金,4,800,1,"0.5,1.2",园宅币,,,13,3520,309,928,0,0,0
1734,30906,年光·萤落·粉,4,800,1,"0.5,1.2",园宅币,,,14,3520,309,928,0,0,0
1735,30906,年光·流萤·白,2,400,1,"0.5,1.2",园宅币,,,6,560,49,148,0,0,0
1736,30906,年光·流萤·绿,2,400,1,"0.5,1.2",园宅币,,,6,560,49,148,0,0,0
1737,30906,年光·流萤·蓝,2,400,1,"0.5,1.2",园宅币,,,6,560,49,148,0,0,0
1738,30906,年光·流萤·金,2,400,1,"0.5,1.2",园宅币,,,6,560,49,148,0,0,0
1739,30906,年光·流萤·彩,3,600,1,"0.5,1.2",宠物游历,,,1,0,123,371,0,0,0
1740,30907,紫陌,3,600,1,"0.5,1.2",园宅币,,,11,1410,123,0,0,0,371
1741,30907,金风·君子意,3,600,1,"0.5,1.2",园宅币,,,7,1410,0,371,0,0,123
1742,30907,金风·满庭芳,3,600,1,"0.5,1.2",园宅币,,,13,1410,0,371,0,0,123
1743,30907,金风·一庭秋,3,600,1,"0.5,1.2",园宅币,,,8,1410,0,371,0,0,123
1744,30907,金风·文杏雨,3,600,1,"0.5,1.2",园宅币,,,15,1410,0,371,0,0,123
1745,30908,银河·一,4,800,1,"0.5,1.2",园宅币,,,15,3520,0,309,0,0,928
1746,30908,银河·二,4,800,1,"0.5,1.2",园宅币,,,13,3520,0,309,0,0,928
1747,30908,银河·三,4,800,1,"0.5,1.2",园宅币,,,11,3520,0,309,0,0,928
1748,30908,碧落,4,800,1,"0.5,1.2",园宅币,,,10,3520,0,309,0,0,928
1749,30909,玉露·白,2,400,1,"0.5,1.2",园宅币,,,5,560,0,0,49,0,148
1750,30909,玉露·蓝,2,400,1,"0.5,1.2",园宅币,,,5,560,0,0,49,0,148
1751,30909,玉露·粉,2,400,1,"0.5,1.2",园宅币,,,5,560,0,0,49,0,148
1752,30909,玉露·橙,2,400,1,"0.5,1.2",园宅币,,,5,560,0,0,49,0,148
1754,30910,烟波·一,2,400,1,"0.5,1.2",园宅币,,,6,560,49,148,0,0,0
1755,30910,烟波·二,2,400,1,"0.5,1.2",园宅币,,,7,560,49,148,0,0,0
1756,30910,烟波·三,2,400,1,"0.5,1.2",园宅币,,,7,560,49,148,0,0,0
1757,30910,烟波·四,4,800,1,"0.5,1.2",园宅币,,,10,3520,309,928,0,0,0
1758,30910,烟波·五,4,800,1,"0.5,1.2",园宅币,,,14,3520,309,928,0,0,0
1759,30910,烟波·六,4,800,1,"0.5,1.2",园宅币,,,12,3520,309,928,0,0,0
1760,30910,咋是空的要换图标,3,600,1,"0.5,1.2",园宅币,,,9,1410,123,371,0,0,0
1761,11208,青竹篱·一,1,200,1,,生活技能,,,1,0,0,1,4,0,0
1762,11208,青竹篱·二,1,200,1,,生活技能,,,1,0,0,1,4,0,0
1763,11208,青竹篱·三,1,200,1,,生活技能,,,1,0,0,1,4,0,0
1764,11208,青竹篱·四,1,200,1,,生活技能,,,1,0,0,1,4,0,0
1765,11208,青竹篱·五,1,200,1,,生活技能,,,1,0,0,1,4,0,0
1766,11208,青竹篱·六,1,200,1,,生活技能,,,1,0,0,1,4,0,0
1767,11208,青竹篱·七,1,215,1,,生活技能,,,1,0,0,4,0,0,1
1768,11208,青竹篱·八,1,215,1,,生活技能,,,1,0,1,0,0,0,4
1769,11211,猗竹篱·一,2,400,1,,园宅币,,,10,70,3,8,3,3,3
1770,11211,猗竹篱·二,2,400,1,,园宅币,,,10,70,3,8,3,3,3
1771,11211,猗竹篱·三,2,400,1,,园宅币,,,10,70,3,8,3,3,3
1772,11211,猗竹篱·四,2,400,1,,园宅币,,,10,70,3,8,3,3,3
1773,11211,猗竹篱·五,2,400,1,,园宅币,,,10,70,3,8,3,3,3
1774,11211,猗竹篱·六,2,400,1,,园宅币,,,10,70,3,8,3,3,3
1775,11211,猗竹篱·七,2,420,1,,园宅币,,,11,70,3,3,3,0,13
1776,11211,猗竹篱·八,2,420,1,,园宅币,,,12,70,0,17,3,0,3
1777,11211,猗竹篱·九,2,420,1,,园宅币,,,13,70,13,3,0,3,3
1781,11218,淇竹篱·一,1,200,1,,园宅币,,,6,20,0,4,0,1,0
1782,11218,淇竹篱·二,1,200,1,,园宅币,,,6,20,0,4,0,1,0
1783,11218,淇竹篱·三,1,200,1,,园宅币,,,6,20,0,4,0,1,0
1784,11218,淇竹篱·四,1,200,1,,园宅币,,,6,20,0,4,0,1,0
1785,11218,淇竹篱·五,1,200,1,,园宅币,,,6,20,0,4,0,1,0
1786,11218,淇竹篱·六,1,200,1,,园宅币,,,6,20,0,4,0,1,0
1787,11218,淇竹篱·七,1,215,1,,园宅币,,,7,20,1,0,0,0,4
1788,11218,淇竹篱·八,1,215,1,,园宅币,,,8,20,4,0,0,1,0
1789,11207,浅芜柴篱·一,1,200,1,,园宅币,,,3,20,1,1,1,1,1
1790,11207,浅芜柴篱·二,1,200,1,,园宅币,,,3,20,1,1,1,1,1
1791,11207,浅芜柴篱·三,1,200,1,,园宅币,,,3,20,1,1,1,1,1
1792,11207,浅芜柴篱·四,1,200,1,,园宅币,,,3,20,1,1,1,1,1
1793,11207,浅芜柴篱·五,1,200,1,,园宅币,,,3,20,1,1,1,1,1
1794,11207,浅芜柴篱·六,1,200,1,,园宅币,,,3,20,1,1,1,1,1
1795,10802,目雷纹石径·回,2,430,1,,园宅币,,,7,180,10,10,10,10,23
1796,11208,青竹篱·连,1,200,1,,生活技能,,,1,0,0,1,4,0,0
1797,11211,猗竹篱·连,2,400,1,,园宅币,,,10,70,3,8,3,3,3
1798,11218,淇竹篱·连,1,200,1,,园宅币,,,6,20,0,4,0,1,0
1799,11207,浅芜柴篱·连,1,200,1,,园宅币,,,3,20,1,1,1,1,1
1800,41100,粗陶圃盆,1,200,1,,园宅币,,,10,80,0,0,0,0,0
1801,41100,苑圃土块·一,1,200,1,,园宅币,,,2,80,0,0,0,0,0
1802,41100,苑圃土块·二,1,200,1,,园宅币,,,2,80,0,0,0,0,0
1803,11400,方体2米,1,200,1,,未知,,,1,0,0,0,0,0,0
1804,11400,方体1米,1,200,1,,未知,,,1,0,0,0,0,0,0
1805,11400,隔板1米,1,200,1,,未知,,,1,0,0,0,0,0,0
1806,11400,平板2米,1,200,1,,未知,,,1,0,0,0,0,0,0
1807,11400,平板4米,1,200,1,,未知,,,1,0,0,0,0,0,0
1808,11400,平板1米,1,200,1,,未知,,,1,0,0,0,0,0,0
1809,11400,细柱子4米,1,200,1,,未知,,,1,0,0,0,0,0,0
1810,11400,细横梁10米,1,200,1,,未知,,,1,0,0,0,0,0,0
1811,11400,细横梁4米,1,200,1,,未知,,,1,0,0,0,0,0,0
1812,11400,斜面三角1米,1,200,1,,未知,,,1,0,0,0,0,0,0
1813,11400,平放三角1米,1,200,1,,未知,,,1,0,0,0,0,0,0
1814,11400,屋顶三角1米,1,200,1,,未知,,,1,0,0,0,0,0,0
1815,11400,方体4米,1,200,1,,未知,,,1,0,0,0,0,0,0
1816,11400,粗柱子4米,1,200,1,,未知,,,1,0,0,0,0,0,0
1817,11400,细横梁10米,1,200,1,,未知,,,1,0,0,0,0,0,0
1818,11400,锥直三角1米,1,200,1,,未知,,,1,0,0,0,0,0,0
1819,11400,斜面三角2米,1,200,1,,未知,,,1,0,0,0,0,0,0
1821,10601,江南连廊·十三,1,200,1,,园宅币,,,5,40,3,3,3,3,3
1822,10601,江南连廊·十四,1,200,1,,园宅币,,,5,40,3,3,3,3,3
1823,41000,桑木案·一,3,600,1,,园宅币,,,7,850,0,0,0,0,0
1824,41000,桑木案·二,4,800,1,,园宅币,,,10,2130,0,0,0,0,0
1829,20400,三江四海桌,4,1000,1,,隐藏,,,1,0,468,468,468,468,468
1830,41000,松软土堆,1,200,1,,园宅币,,,8,80,0,0,0,0,0
1833,10506,蕉叶竹墙·四,3,600,1,,园宅币,,,8,170,12,12,12,12,12
1834,21300,苏芳染妆案·一,3,615,1,,园宅币,,,11,7000,0,381,1328,369,381
1835,21300,苏芳染妆案·二,4,820,1,,园宅币,,,14,17520,0,953,3321,922,953
1836,41000,酒桶,2,400,1,,园宅币,,,8,340,0,0,0,0,0
1837,41000,食盘,1,200,1,,园宅币,,,4,80,0,0,0,0,0
1840,30400,杏花,3,645,1,,园宅币,,,12,4130,0,1015,217,217,0
1841,30400,曲干流苏,3,645,1,,园宅币,,,8,4130,217,1015,0,217,0
1842,30400,流苏,3,645,1,,园宅币,,,9,4130,217,1015,0,217,0
1843,30400,广陵修竹,3,630,1,"0.5,1.2",园宅币,,,6,4030,212,0,212,0,992
1844,30400,巴陵桃花,4,860,1,,园宅币,,,10,10330,0,2539,544,544,0
1848,30400,矮栾树,2,410,1,"0.5,1.2",园宅币,,,5,1570,199,88,88,88,88
1850,30400,红叶李近属,3,615,1,"0.5,1.2",园宅币,,,9,3940,221,498,221,221,221
1851,30400,虬干蟠桃树·一,2,410,1,,园宅币,,,3,1570,83,0,387,83,0
1852,30400,虬干蟠桃树·二,2,410,1,,园宅币,,,4,1570,83,0,387,83,0
1855,30100,韭莲,2,430,1,"0.5,1.2",园宅币,,,6,70,6,19,0,0,0
1857,30400,虬干蟠桃树·三,2,420,1,"0.5,1.2",园宅币,,,5,1610,85,0,396,85,0
1858,30400,乌桕,4,860,1,"0.5,1.2",园宅币,,,13,10330,2721,0,0,0,907
1861,30300,夏生栾树,3,600,1,"0.5,1.2",园宅币,,,7,340,19,19,43,19,19
1862,30300,秋生栾树,3,600,1,"0.5,1.2",园宅币,,,7,340,19,43,19,19,19
1863,30500,池生石苔,1,200,1,"0.5,1.2",园宅币,,,1,10,4,0,1,0,0
1864,30500,池生菖蒲,1,205,1,"0.5,1.2",园宅币,,,4,10,4,1,0,0,0
1865,30500,池生水藻·一,1,200,1,"0.5,1.2",园宅币,,,1,10,0,1,4,0,0
1866,30500,池生水藻·二,1,200,1,"0.5,1.2",园宅币,,,1,10,0,1,4,0,0
1867,30500,池生对座草·一,1,200,1,"0.5,1.2",园宅币,,,3,10,0,0,4,0,1
1868,30500,池生对座草·二,1,200,1,"0.5,1.2",园宅币,,,3,10,0,0,4,0,1
1869,30502,瘦西湖荷花·一,1,200,1,"0.5,1.2",园宅币,,,2,10,0,4,1,0,0
1870,30502,瘦西湖荷花·二,3,630,1,"0.5,1.2",园宅币,,,10,170,0,47,15,0,0
1871,30502,瘦西湖荷花·三,4,840,1,"0.5,1.2",园宅币,,,11,440,0,118,39,0,0
1872,30300,西瓜秧,2,430,1,"0.5,1.2",园宅币,,,7,140,0,7,36,0,7
1873,30300,西瓜藤,2,420,1,"0.5,1.2",园宅币,,,6,140,0,7,35,0,7
1874,10502,垂栱门,1,210,1,,园宅币,,,5,20,1,1,1,2,1
1875,20500,不问世事坐垫,2,400,1,,商城,,,1,0,0,0,18,0,54
1876,21700,不能怂,4,800,1,"0.5,1.2",活动,,,1,0,0,405,116,112,116
1877,20500,我独醒椅,4,800,1,,隐藏,,,1,0,0,112,0,0,337
1878,20500,不见万物椅,3,600,1,,商城,,,1,0,45,0,0,0,135
1879,20400,不求甚解几,3,600,1,,商城,,,1,0,112,112,0,0,525
1880,31000,黄花地墁,1,200,1,"0.5,1.2",园宅币,,,1,10,0,0,0,0,0
1882,31000,蓝花地墁,2,410,1,"0.5,1.2",园宅币,,,5,70,0,0,0,0,0
1883,31000,粉花地墁,2,420,1,"0.5,1.2",园宅币,,,6,70,0,0,0,0,0
1884,31000,白茅地墁,1,200,1,"0.5,1.2",园宅币,,,1,10,0,0,0,0,0
1885,31000,白菊地墁,3,630,1,"0.5,1.2",园宅币,,,7,170,0,0,0,0,0
1886,31000,醡浆地墁,2,410,1,"0.5,1.2",园宅币,,,4,70,0,0,0,0,0
1887,31000,兰草地墁,3,630,1,"0.5,1.2",园宅币,,,8,170,0,0,0,0,0
1897,11400,悬梁4米,1,200,1,,未知,,,1,0,0,0,0,0,0
1898,11400,阶梯2米,1,200,1,,未知,,,1,0,0,0,0,0,0
1899,11400,超细柱子4米,1,200,1,,未知,,,1,0,0,0,0,0,0
1900,11400,矮柱子1米,1,200,1,,未知,,,1,0,0,0,0,0,0
1901,20900,柔情似水枕,4,800,1,"0.5,1.2",隐藏,,,1,0,337,1215,348,0,348
1902,30503,睡莲1,2,400,1,"0.5,1.2",园宅币,,,5,60,16,3,3,0,0
1903,30503,睡莲2,2,400,1,"0.5,1.2",园宅币,,,5,60,16,3,3,0,0
1904,30503,睡莲3,2,400,1,"0.5,1.2",园宅币,,,5,60,16,3,3,0,0
1905,30503,睡莲4,3,615,1,"0.5,1.2",园宅币,,,8,170,43,9,9,0,0
1906,30503,睡莲5,3,615,1,"0.5,1.2",园宅币,,,8,170,43,9,9,0,0
1907,30503,睡莲6,4,820,1,"0.5,1.2",园宅币,,,10,430,107,23,23,0,0
1908,30503,睡莲7,4,820,1,"0.5,1.2",园宅币,,,10,430,107,23,23,0,0
1909,20300,君相迎坐障,4,800,1,,隐藏,,,1,0,396,891,396,396,396
1910,20800,玉帔冰纨,3,600,1,"0.5,1.2",园宅币,,,6,4700,0,255,247,891,255
1911,20700,凌雪阁褐毡,2,400,1,"0.5,1.2",凌雪阁声望尊敬,,,1,0,38,38,86,38,38
1912,41000,灰砖灶台·二,3,600,1,,园宅币,,,4,850,0,0,0,0,0
1913,41000,灰砖灶台·三,3,600,1,,园宅币,,,4,850,0,0,0,0,0
1914,30700,太湖石影蔽,2,400,1,,园宅币,,,5,3580,195,189,195,680,0
1915,30700,涂胡粉影蔽,2,400,1,,园宅币,,,5,3580,195,189,680,195,0
1916,10504,茅檐门,1,210,1,,园宅币,,,9,20,1,1,1,2,1
1917,10501,乌栅墙·十四,3,600,1,,园宅币,,,12,170,12,12,12,12,12
1918,10506,蕉叶竹墙·十二,3,600,1,,园宅币,,,8,170,12,12,12,12,12
1919,10503,绿竹墙·九,1,200,1,,生活技能,,,1,0,1,1,1,1,1
1920,11212,楠竹篱·十,2,400,1,,园宅币,,,1,70,3,3,3,8,3
1921,11204,汉白石栏杆·七,2,400,1,,园宅币,,,6,70,4,4,4,4,4
1922,11201,梵意石栏杆·七,1,200,1,,园宅币,,,8,20,4,0,0,1,0
1923,11202,柴篱·九,4,800,1,,园宅币,,,13,430,54,24,24,24,24
1924,11203,翠泠竹篱·七,2,400,1,,生活技能,,,1,0,4,4,4,4,4
1925,11206,平江石栏杆·七,3,600,1,,园宅币,,,7,170,9,9,9,21,9
1926,11210,杂色竹篱·七,1,200,1,,生活技能,,,1,0,0,1,0,0,4
1927,11218,淇竹篱·九,1,200,1,,园宅币,,,6,20,0,4,0,1,0
1928,11214,箦竹篱·七,3,600,1,,园宅币,,,12,170,0,0,9,9,42
1929,11207,浅芜柴篱·七,1,200,1,,园宅币,,,3,20,1,1,1,1,1
1930,11208,青竹篱·九,1,200,1,,生活技能,,,1,0,0,1,4,0,0
1931,11211,猗竹篱·九,2,400,1,,园宅币,,,10,70,3,8,3,3,3
1932,30904,瑞象·十一,3,600,1,"0.5,1.2",园宅币,,,9,1410,0,123,371,0,0
1933,30904,瑞象·十二,3,600,1,"0.5,1.2",园宅币,,,9,1410,0,123,371,0,0
1934,30904,瑞象·十三,3,600,1,"0.5,1.2",园宅币,,,9,1410,0,123,371,0,0
1936,30904,瑞象·十四,3,600,1,"0.5,1.2",园宅币,,,9,1410,0,123,371,0,0