id,requirement,effectId,setId
1,2,100,2502
2,4,101,2502
3,2,100,2503
4,4,101,2503
5,2,100,2504
6,4,101,2504
7,2,100,2505
8,4,101,2505
9,2,100,2506
10,4,101,2506
11,2,100,2507
12,4,101,2507
13,2,214,1667
14,3,215,1667
15,4,30,1667
16,2,214,1668
17,3,215,1668
18,4,30,1668
19,2,214,1669
20,3,215,1669
21,4,30,1669
22,2,214,1670
23,3,215,1670
24,4,30,1670
25,2,214,1671
26,3,215,1671
27,4,30,1671
28,2,214,1672
29,3,215,1672
30,4,30,1672
31,2,104,1673
32,4,105,1673
33,4,107,1674
34,2,108,1675
35,4,109,1675
36,2,110,1676
37,4,111,1676
38,2,112,1677
39,4,113,1677
40,2,114,1678
41,4,115,1678
42,4,117,1679
43,2,116,1680
44,4,118,1680
45,2,119,1681
46,4,120,1681
47,2,121,1682
48,4,111,1682
49,2,122,1683
50,4,123,1683
51,2,124,1684
52,4,111,1684
53,2,125,1685
54,4,126,1685
55,2,127,1686
56,4,128,1686
57,2,129,1687
58,4,130,1687
59,2,131,1688
60,4,118,1688
61,2,132,1689
62,4,133,1689
63,2,134,1690
64,4,135,1690
65,2,136,1691
66,4,113,1691
67,2,137,1692
68,4,138,1692
69,2,139,1693
70,4,140,1693
71,2,141,1694
72,4,111,1694
73,2,142,1695
74,4,143,1695
75,2,144,1696
76,4,145,1696
77,2,100,2508
78,4,101,2508
79,2,100,2509
80,4,101,2509
81,2,100,2510
82,4,101,2510
83,2,100,2511
84,4,101,2511
85,2,100,2512
86,4,101,2512
87,2,100,2513
88,4,101,2513
89,2,214,1697
90,3,215,1697
91,4,30,1697
92,2,214,1698
93,3,215,1698
94,4,30,1698
95,2,214,1699
96,3,215,1699
97,4,30,1699
98,2,214,1700
99,3,215,1700
100,4,30,1700
101,2,214,1701
102,3,215,1701
103,4,30,1701
104,2,214,1702
105,3,215,1702
106,4,30,1702
107,2,105,1703
108,4,104,1703
109,2,107,1704
110,2,109,1705
111,4,108,1705
112,2,111,1706
113,4,110,1706
114,2,113,1707
115,4,112,1707
116,2,115,1708
117,4,114,1708
118,2,117,1709
119,2,118,1710
120,4,116,1710
121,2,120,1711
122,4,119,1711
123,2,111,1712
124,4,121,1712
125,2,123,1713
126,4,122,1713
127,2,111,1714
128,4,124,1714
129,2,126,1715
130,4,125,1715
131,2,128,1716
132,4,127,1716
133,2,130,1717
134,4,129,1717
135,2,118,1718
136,4,131,1718
137,2,133,1719
138,4,132,1719
139,2,135,1720
140,4,134,1720
141,2,113,1721
142,4,136,1721
143,2,138,1722
144,4,137,1722
145,2,140,1723
146,4,139,1723
147,2,111,1724
148,4,141,1724
149,2,143,1725
150,4,142,1725
151,2,145,1726
152,4,144,1726
153,2,216,1727
154,4,217,1727
155,2,216,1728
156,4,217,1728
157,2,216,1729
158,4,217,1729
159,2,216,1730
160,4,217,1730
161,2,218,1731
162,4,219,1731
163,2,220,1732
164,4,218,1732
165,2,221,1733
166,4,152,1733
167,2,221,1734
168,4,153,1734
169,2,222,1735
170,4,153,1735
171,2,223,1736
172,4,156,1736
173,2,221,1737
174,4,157,1737
175,2,223,1738
176,4,158,1738
177,2,221,1739
178,4,159,1739
179,2,222,1740
180,4,160,1740
181,2,221,1741
182,4,161,1741
183,2,222,1742
184,4,161,1742
185,2,221,1743
186,4,132,1743
187,2,223,1744
188,4,132,1744
189,2,223,1745
190,4,162,1745
191,2,223,1746
192,4,163,1746
193,2,221,1747
194,4,132,1747
195,2,223,1748
196,4,164,1748
197,2,221,1749
198,4,165,1749
199,2,222,1750
200,4,165,1750
201,2,223,1751
202,4,166,1751
203,2,223,1752
204,4,167,1752
205,2,224,1753
206,2,224,1754
207,4,170,1754
208,2,224,1755
209,4,170,1755
210,2,224,1756
211,4,171,1756
212,2,224,1757
213,4,172,1757
214,2,224,1758
215,4,173,1758
216,2,224,1759
217,4,174,1759
218,2,224,1760
219,4,174,1760
220,2,224,1761
221,4,175,1761
222,2,224,1762
223,4,176,1762
224,2,224,1763
225,4,177,1763
226,2,224,1764
227,4,177,1764
228,2,224,1765
229,4,178,1765
230,2,224,1766
231,4,179,1766
232,2,224,1767
233,4,180,1767
234,2,224,1768
235,4,181,1768
236,2,224,1769
237,4,182,1769
238,2,224,1770
239,4,183,1770
240,2,224,1771
241,4,184,1771
242,2,224,1772
243,4,185,1772
244,2,224,1773
245,2,224,1774
246,4,170,1774
247,2,224,1775
248,4,170,1775
249,2,224,1776
250,4,171,1776
251,2,224,1777
252,4,172,1777
253,2,224,1778
254,4,173,1778
255,2,224,1779
256,4,174,1779
257,2,224,1780
258,4,174,1780
259,2,224,1781
260,4,175,1781
261,2,224,1782
262,4,176,1782
263,2,224,1783
264,4,177,1783
265,2,224,1784
266,4,177,1784
267,2,224,1785
268,4,178,1785
269,2,224,1786
270,4,179,1786
271,2,224,1787
272,4,180,1787
273,2,224,1788
274,4,181,1788
275,2,224,1789
276,4,182,1789
277,2,224,1790
278,4,183,1790
279,2,224,1791
280,4,184,1791
281,2,224,1792
282,4,185,1792
283,2,225,1793
284,4,152,1793
285,2,225,1794
286,4,153,1794
287,2,226,1795
288,4,153,1795
289,2,227,1796
290,4,156,1796
291,2,225,1797
292,4,157,1797
293,2,227,1798
294,4,158,1798
295,2,225,1799
296,4,159,1799
297,2,226,1800
298,4,160,1800
299,2,225,1801
300,4,161,1801
301,2,226,1802
302,4,161,1802
303,2,225,1803
304,4,132,1803
305,2,227,1804
306,4,132,1804
307,2,227,1805
308,4,162,1805
309,2,227,1806
310,4,163,1806
311,2,225,1807
312,4,132,1807
313,2,227,1808
314,4,164,1808
315,2,225,1809
316,4,165,1809
317,2,226,1810
318,4,165,1810
319,2,227,1811
320,4,166,1811
321,2,227,1812
322,4,167,1812
323,2,228,1813
324,2,228,1814
325,4,170,1814
326,2,228,1815
327,4,170,1815
328,2,228,1816
329,4,171,1816
330,2,228,1817
331,4,172,1817
332,2,228,1818
333,4,173,1818
334,2,228,1819
335,4,174,1819
336,2,228,1820
337,4,174,1820
338,2,228,1821
339,4,175,1821
340,2,228,1822
341,4,176,1822
342,2,228,1823
343,4,177,1823
344,2,228,1824
345,4,177,1824
346,2,228,1825
347,4,178,1825
348,2,228,1826
349,4,179,1826
350,2,228,1827
351,4,180,1827
352,2,228,1828
353,4,181,1828
354,2,228,1829
355,4,182,1829
356,2,228,1830
357,4,183,1830
358,2,228,1831
359,4,184,1831
360,2,228,1832
361,4,185,1832
362,2,228,1833
363,2,228,1834
364,4,170,1834
365,2,228,1835
366,4,170,1835
367,2,228,1836
368,4,171,1836
369,2,228,1837
370,4,172,1837
371,2,228,1838
372,4,173,1838
373,2,228,1839
374,4,174,1839
375,2,228,1840
376,4,174,1840
377,2,228,1841
378,4,175,1841
379,2,228,1842
380,4,176,1842
381,2,228,1843
382,4,177,1843
383,2,228,1844
384,4,177,1844
385,2,228,1845
386,4,178,1845
387,2,228,1846
388,4,179,1846
389,2,228,1847
390,4,180,1847
391,2,228,1848
392,4,181,1848
393,2,228,1849
394,4,182,1849
395,2,228,1850
396,4,183,1850
397,2,228,1851
398,4,184,1851
399,2,228,1852
400,4,185,1852
401,2,229,1853
402,4,152,1853
403,2,229,1854
404,4,153,1854
405,2,230,1855
406,4,153,1855
407,2,231,1856
408,4,156,1856
409,2,229,1857
410,4,157,1857
411,2,231,1858
412,4,158,1858
413,2,229,1859
414,4,159,1859
415,2,230,1860
416,4,160,1860
417,2,229,1861
418,4,161,1861
419,2,230,1862
420,4,161,1862
421,2,229,1863
422,4,132,1863
423,2,231,1864
424,4,132,1864
425,2,231,1865
426,4,162,1865
427,2,231,1866
428,4,163,1866
429,2,229,1867
430,4,132,1867
431,2,231,1868
432,4,164,1868
433,2,229,1869
434,4,165,1869
435,2,230,1870
436,4,165,1870
437,2,231,1871
438,4,166,1871
439,2,231,1872
440,4,167,1872
441,2,143,1873
442,4,144,1873
443,2,144,1874
444,4,143,1874
445,2,232,1962
446,2,143,1875
447,4,144,1875
448,2,144,1876
449,4,143,1876
450,2,232,1963
451,2,143,1877
452,4,144,1877
453,2,233,1878
454,4,185,1878
455,2,233,1879
456,4,185,1879
457,2,234,1964
458,2,234,1965
459,2,234,1966
460,2,234,1967
461,2,234,1968
462,2,234,1969
463,2,234,1970
464,2,234,1971
465,2,234,1972
466,2,234,1973
467,2,234,1974
468,2,234,1975
469,2,234,1976
470,2,234,1977
471,2,234,1978
472,2,234,1979
473,2,234,1980
474,2,234,1981
475,2,234,1982
476,2,234,1983
477,2,234,1984
478,2,234,1985
479,2,234,1986
480,2,234,1987
481,2,100,2514
482,4,101,2514
483,2,100,2515
484,4,101,2515
485,2,100,2516
486,4,101,2516
487,2,100,2517
488,4,101,2517
489,2,100,2518
490,4,101,2518
491,2,100,2519
492,4,101,2519
493,2,214,1988
494,3,215,1988
495,4,30,1988
496,2,214,1989
497,3,215,1989
498,4,30,1989
499,2,214,1990
500,3,215,1990
501,4,30,1990
502,2,214,1991
503,3,215,1991
504,4,30,1991
505,2,214,1992
506,3,215,1992
507,4,30,1992
508,2,214,1993
509,3,215,1993
510,4,30,1993
511,2,104,1994
512,4,105,1994
513,4,107,1995
514,2,108,1996
515,4,109,1996
516,2,110,1997
517,4,111,1997
518,2,112,1998
519,4,113,1998
520,2,114,1999
521,4,115,1999
522,4,117,2000
523,2,116,2001
524,4,118,2001
525,2,119,2002
526,4,120,2002
527,2,121,2003
528,4,111,2003
529,2,122,2004
530,4,123,2004
531,2,124,2005
532,4,111,2005
533,2,125,2006
534,4,126,2006
535,2,127,2007
536,4,128,2007
537,2,129,2008
538,4,130,2008
539,2,131,2009
540,4,118,2009
541,2,132,2010
542,4,133,2010
543,2,134,2011
544,4,135,2011
545,2,136,2012
546,4,113,2012
547,2,137,2013
548,4,138,2013
549,2,139,2014
550,4,140,2014
551,2,141,2015
552,4,111,2015
553,2,142,2016
554,4,143,2016
555,2,144,2017
556,4,145,2017
557,2,235,2018
558,4,236,2018
559,2,235,2019
560,4,236,2019
561,2,235,2020
562,4,236,2020
563,2,235,2021
564,4,236,2021
565,2,237,2022
566,4,238,2022
567,2,239,2023
568,4,237,2023
569,2,240,2161
570,2,240,2162
571,4,170,2162
572,2,240,2163
573,4,170,2163
574,2,240,2164
575,4,171,2164
576,2,240,2165
577,4,172,2165
578,2,240,2166
579,4,173,2166
580,2,240,2167
581,4,174,2167
582,2,240,2168
583,4,174,2168
584,2,240,2169
585,4,175,2169
586,2,240,2170
587,4,176,2170
588,2,240,2171
589,4,177,2171
590,2,240,2172
591,4,177,2172
592,2,240,2173
593,4,178,2173
594,2,240,2174
595,4,179,2174
596,2,240,2175
597,4,180,2175
598,2,240,2176
599,4,181,2176
600,2,240,2177
601,4,182,2177
602,2,240,2178
603,4,183,2178
604,2,240,2179
605,4,184,2179
606,2,240,2180
607,4,185,2180
608,2,240,2182
609,2,240,2183
610,4,170,2183
611,2,240,2184
612,4,170,2184
613,2,240,2185
614,4,171,2185
615,2,240,2186
616,4,172,2186
617,2,240,2187
618,4,173,2187
619,2,240,2188
620,4,174,2188
621,2,240,2189
622,4,174,2189
623,2,240,2190
624,4,175,2190
625,2,240,2191
626,4,176,2191
627,2,240,2192
628,4,177,2192
629,2,240,2193
630,4,177,2193
631,2,240,2194
632,4,178,2194
633,2,240,2195
634,4,179,2195
635,2,240,2196
636,4,180,2196
637,2,240,2197
638,4,181,2197
639,2,240,2198
640,4,182,2198
641,2,240,2199
642,4,183,2199
643,2,240,2200
644,4,184,2200
645,2,240,2201
646,4,185,2201
647,2,241,2203
648,4,152,2203
649,2,241,2204
650,4,153,2204
651,2,242,2205
652,4,153,2205
653,2,243,2206
654,4,156,2206
655,2,241,2207
656,4,157,2207
657,2,243,2208
658,4,158,2208
659,2,241,2209
660,4,159,2209
661,2,242,2210
662,4,160,2210
663,2,241,2211
664,4,161,2211
665,2,242,2212
666,4,161,2212
667,2,241,2213
668,4,132,2213
669,2,243,2214
670,4,132,2214
671,2,243,2215
672,4,162,2215
673,2,243,2216
674,4,163,2216
675,2,241,2217
676,4,132,2217
677,2,243,2218
678,4,164,2218
679,2,241,2219
680,4,165,2219
681,2,242,2220
682,4,165,2220
683,2,243,2221
684,4,166,2221
685,2,243,2222
686,4,167,2222
687,2,100,2520
688,4,101,2520
689,2,100,2521
690,4,101,2521
691,2,100,2522
692,4,101,2522
693,2,100,2523
694,4,101,2523
695,2,100,2524
696,4,101,2524
697,2,100,2525
698,4,101,2525
699,2,214,2124
700,3,215,2124
701,4,30,2124
702,2,214,2125
703,3,215,2125
704,4,30,2125
705,2,214,2126
706,3,215,2126
707,4,30,2126
708,2,214,2127
709,3,215,2127
710,4,30,2127
711,2,214,2128
712,3,215,2128
713,4,30,2128
714,2,214,2129
715,3,215,2129
716,4,30,2129
717,2,105,2130
718,4,104,2130
719,2,107,2131
720,2,109,2132
721,4,108,2132
722,2,111,2133
723,4,110,2133
724,2,113,2134
725,4,112,2134
726,2,115,2135
727,4,114,2135
728,2,117,2136
729,2,118,2137
730,4,116,2137
731,2,120,2138
732,4,119,2138
733,2,111,2139
734,4,121,2139
735,2,123,2140
736,4,122,2140
737,2,111,2141
738,4,124,2141
739,2,126,2142
740,4,125,2142
741,2,128,2143
742,4,127,2143
743,2,130,2144
744,4,129,2144
745,2,118,2145
746,4,131,2145
747,2,133,2146
748,4,132,2146
749,2,135,2147
750,4,134,2147
751,2,113,2148
752,4,136,2148
753,2,138,2149
754,4,137,2149
755,2,140,2150
756,4,139,2150
757,2,111,2151
758,4,141,2151
759,2,143,2152
760,4,142,2152
761,2,145,2153
762,4,144,2153
763,2,205,2154
764,4,206,2154
765,2,244,2155
766,4,245,2155
767,2,244,2156
768,4,245,2156
769,2,244,2157
770,4,245,2157
771,2,244,2158
772,4,245,2158
773,2,246,2159
774,4,247,2159
775,2,248,2160
776,4,246,2160
777,2,285,2318
778,2,285,2319
779,4,170,2319
780,2,285,2320
781,4,170,2320
782,2,285,2321
783,4,171,2321
784,2,285,2322
785,4,172,2322
786,2,285,2323
787,4,173,2323
788,2,285,2324
789,4,174,2324
790,2,285,2325
791,4,174,2325
792,2,285,2326
793,4,175,2326
794,2,285,2327
795,4,176,2327
796,2,285,2328
797,4,177,2328
798,2,285,2329
799,4,177,2329
800,2,285,2330
801,4,178,2330
802,2,285,2331
803,4,179,2331
804,2,285,2332
805,4,180,2332
806,2,285,2333
807,4,181,2333
808,2,285,2334
809,4,182,2334
810,2,285,2335
811,4,183,2335
812,2,285,2336
813,4,184,2336
814,2,285,2337
815,4,185,2337
816,2,285,2338
817,4,212,2338
818,2,285,2339
819,2,285,2340
820,4,170,2340
821,2,285,2341
822,4,170,2341
823,2,285,2342
824,4,171,2342
825,2,285,2343
826,4,172,2343
827,2,285,2344
828,4,173,2344
829,2,285,2345
830,4,174,2345
831,2,285,2346
832,4,174,2346
833,2,285,2347
834,4,175,2347
835,2,285,2348
836,4,176,2348
837,2,285,2349
838,4,177,2349
839,2,285,2350
840,4,177,2350
841,2,285,2351
842,4,178,2351
843,2,285,2352
844,4,179,2352
845,2,285,2353
846,4,180,2353
847,2,285,2354
848,4,181,2354
849,2,285,2355
850,4,182,2355
851,2,285,2356
852,4,183,2356
853,2,285,2357
854,4,184,2357
855,2,285,2358
856,4,185,2358
857,2,285,2359
858,4,212,2359
859,2,286,2360
860,4,152,2360
861,2,286,2361
862,4,153,2361
863,2,287,2362
864,4,153,2362
865,2,288,2363
866,4,156,2363
867,2,286,2364
868,4,157,2364
869,2,288,2365
870,4,158,2365
871,2,286,2366
872,4,159,2366
873,2,287,2367
874,4,160,2367
875,2,286,2368
876,4,161,2368
877,2,287,2369
878,4,161,2369
879,2,286,2370
880,4,132,2370
881,2,288,2371
882,4,132,2371
883,2,288,2372
884,4,162,2372
885,2,288,2373
886,4,163,2373
887,2,286,2374
888,4,132,2374
889,2,288,2375
890,4,164,2375
891,2,286,2376
892,4,165,2376
893,2,287,2377
894,4,165,2377
895,2,288,2378
896,4,166,2378
897,2,288,2379
898,4,167,2379
899,2,288,2380
900,4,213,2380
901,2,206,2224
902,4,205,2224
903,2,205,2225
904,4,206,2225
905,2,224,2226
906,4,212,2226
907,2,224,2227
908,4,212,2227
909,2,228,2228
910,4,212,2228
911,2,228,2229
912,4,212,2229
913,2,231,2230
914,4,213,2230
915,2,206,2231
916,4,205,2231
917,2,240,2181
918,4,212,2181
919,2,240,2202
920,4,212,2202
921,2,243,2223
922,4,213,2223
923,2,227,2235
924,4,213,2235
925,2,233,2236
926,4,212,2236
927,2,233,2237
928,4,212,2237
929,2,143,2288
930,4,206,2288
931,2,206,2289
932,4,143,2289
933,2,143,2290
934,4,206,2290
935,2,206,2291
936,4,143,2291
937,2,143,2292
938,4,206,2292
939,2,249,2293
940,2,249,2294
941,2,249,2295
942,2,249,2296
943,2,249,2297
944,2,249,2298
945,2,249,2299
946,2,249,2300
947,2,249,2301
948,2,249,2302
949,2,249,2303
950,2,249,2304
951,2,249,2305
952,2,249,2306
953,2,249,2307
954,2,249,2308
955,2,249,2309
956,2,249,2310
957,2,249,2311
958,2,249,2312
959,2,249,2313
960,2,249,2314
961,2,249,2315
962,2,249,2316
963,2,249,2317
964,2,100,2526
965,4,101,2526
966,2,100,2527
967,4,101,2527
968,2,100,2528
969,4,101,2528
970,2,100,2529
971,4,101,2529
972,2,100,2530
973,4,101,2530
974,2,100,2531
975,4,101,2531
976,2,214,2381
977,3,215,2381
978,4,30,2381
979,2,214,2382
980,3,215,2382
981,4,30,2382
982,2,214,2383
983,3,215,2383
984,4,30,2383
985,2,214,2384
986,3,215,2384
987,4,30,2384
988,2,214,2385
989,3,215,2385
990,4,30,2385
991,2,214,2386
992,3,215,2386
993,4,30,2386
994,2,104,2387
995,4,105,2387
996,4,107,2388
997,2,108,2389
998,4,109,2389
999,2,110,2390
1000,4,111,2390
1001,2,112,2391
1002,4,113,2391
1003,2,114,2392
1004,4,115,2392
1005,4,117,2393
1006,2,116,2394
1007,4,118,2394
1008,2,119,2395
1009,4,120,2395
1010,2,121,2396
1011,4,111,2396
1012,2,122,2397
1013,4,123,2397
1014,2,124,2398
1015,4,111,2398
1016,2,125,2399
1017,4,126,2399
1018,2,127,2400
1019,4,128,2400
1020,2,129,2401
1021,4,130,2401
1022,2,131,2402
1023,4,118,2402
1024,2,132,2403
1025,4,133,2403
1026,2,134,2404
1027,4,135,2404
1028,2,136,2405
1029,4,113,2405
1030,2,137,2406
1031,4,138,2406
1032,2,139,2407
1033,4,140,2407
1034,2,141,2408
1035,4,111,2408
1036,2,142,2409
1037,4,143,2409
1038,2,144,2410
1039,4,145,2410
1040,2,206,2411
1041,4,205,2411
1042,2,289,2412
1043,4,290,2412
1044,2,289,2413
1045,4,290,2413
1046,2,289,2414
1047,4,290,2414
1048,2,289,2415
1049,4,290,2415
1050,2,291,2416
1051,4,292,2416
1052,2,293,2417
1053,4,291,2417
1054,2,256,2460
1055,4,257,2460
1056,2,256,2461
1057,4,257,2461
1058,2,256,2462
1059,4,257,2462
1060,2,256,2463
1061,4,257,2463
1062,2,256,2464
1063,4,257,2464
1064,2,256,2465
1065,4,257,2465
1066,2,256,2466
1067,4,257,2466
1068,2,256,2467
1069,4,257,2467
1070,2,256,2468
1071,4,257,2468
1072,2,256,2469
1073,4,257,2469
1074,2,256,2470
1075,4,257,2470
1076,2,256,2471
1077,4,257,2471
1078,2,256,2472
1079,4,257,2472
1080,2,256,2473
1081,4,257,2473
1082,2,256,2474
1083,4,257,2474
1084,2,256,2475
1085,4,257,2475
1086,2,256,2476
1087,4,257,2476
1088,2,256,2477
1089,4,257,2477
1090,2,256,2478
1091,4,257,2478
1092,2,256,2479
1093,4,257,2479
1094,2,256,2480
1095,4,257,2480
1096,2,256,2481
1097,4,257,2481
1098,2,256,2482
1099,4,257,2482
1100,2,256,2483
1101,4,257,2483
1102,2,256,2484
1103,4,257,2484
1104,2,256,2485
1105,4,257,2485
1106,2,256,2486
1107,4,257,2486
1108,2,256,2487
1109,4,257,2487
1110,2,256,2488
1111,4,257,2488
1112,2,256,2489
1113,4,257,2489
1114,2,256,2490
1115,4,257,2490
1116,2,256,2491
1117,4,257,2491
1118,2,256,2492
1119,4,257,2492
1120,2,256,2493
1121,4,257,2493
1122,2,256,2494
1123,4,257,2494
1124,2,256,2495
1125,4,257,2495
1126,2,256,2496
1127,4,257,2496
1128,2,256,2497
1129,4,257,2497
1130,2,256,2498
1131,4,257,2498
1132,2,256,2499
1133,4,257,2499
1134,2,256,2500
1135,4,257,2500
1136,2,256,2501
1137,4,257,2501
1138,2,312,2532
1139,4,152,2532
1140,2,312,2533
1141,4,153,2533
1142,2,313,2534
1143,4,153,2534
1144,2,314,2535
1145,4,156,2535
1146,2,312,2536
1147,4,157,2536
1148,2,314,2537
1149,4,158,2537
1150,2,312,2538
1151,4,159,2538
1152,2,313,2539
1153,4,160,2539
1154,2,312,2540
1155,4,161,2540
1156,2,313,2541
1157,4,161,2541
1158,2,312,2542
1159,4,132,2542
1160,2,314,2543
1161,4,132,2543
1162,2,314,2544
1163,4,162,2544
1164,2,314,2545
1165,4,163,2545
1166,2,312,2546
1167,4,132,2546
1168,2,314,2547
1169,4,164,2547
1170,2,312,2548
1171,4,165,2548
1172,2,313,2549
1173,4,165,2549
1174,2,314,2550
1175,4,166,2550
1176,2,314,2551
1177,4,167,2551
1178,2,314,2552
1179,4,213,2552
1180,2,312,2553
1181,2,315,2554
1182,2,315,2555
1183,4,170,2555
1184,2,315,2556
1185,4,170,2556
1186,2,315,2557
1187,4,171,2557
1188,2,315,2558
1189,4,172,2558
1190,2,315,2559
1191,4,173,2559
1192,2,315,2560
1193,4,174,2560
1194,2,315,2561
1195,4,174,2561
1196,2,315,2562
1197,4,175,2562
1198,2,315,2563
1199,4,176,2563
1200,2,315,2564
1201,4,177,2564
1202,2,315,2565
1203,4,177,2565
1204,2,315,2566
1205,4,178,2566
1206,2,315,2567
1207,4,179,2567
1208,2,315,2568
1209,4,180,2568
1210,2,315,2569
1211,4,181,2569
1212,2,315,2570
1213,4,182,2570
1214,2,315,2571
1215,4,183,2571
1216,2,315,2572
1217,4,184,2572
1218,2,315,2573
1219,4,185,2573
1220,2,315,2574
1221,4,212,2574
1222,2,315,2575
1223,2,315,2576
1224,2,315,2577
1225,4,170,2577
1226,2,315,2578
1227,4,170,2578
1228,2,315,2579
1229,4,171,2579
1230,2,315,2580
1231,4,172,2580
1232,2,315,2581
1233,4,173,2581
1234,2,315,2582
1235,4,174,2582
1236,2,315,2583
1237,4,174,2583
1238,2,315,2584
1239,4,175,2584
1240,2,315,2585
1241,4,176,2585
1242,2,315,2586
1243,4,177,2586
1244,2,315,2587
1245,4,177,2587
1246,2,315,2588
1247,4,178,2588
1248,2,315,2589
1249,4,179,2589
1250,2,315,2590
1251,4,180,2590
1252,2,315,2591
1253,4,181,2591
1254,2,315,2592
1255,4,182,2592
1256,2,315,2593
1257,4,183,2593
1258,2,315,2594
1259,4,184,2594
1260,2,315,2595
1261,4,185,2595
1262,2,315,2596
1263,4,212,2596
1264,2,315,2597
1265,2,316,2598
1266,4,152,2598
1267,2,316,2599
1268,4,153,2599
1269,2,317,2600
1270,4,153,2600
1271,2,318,2601
1272,4,156,2601
1273,2,316,2602
1274,4,157,2602
1275,2,318,2603
1276,4,158,2603
1277,2,316,2604
1278,4,159,2604
1279,2,317,2605
1280,4,160,2605
1281,2,316,2606
1282,4,161,2606
1283,2,317,2607
1284,4,161,2607
1285,2,316,2608
1286,4,132,2608
1287,2,318,2609
1288,4,132,2609
1289,2,318,2610
1290,4,162,2610
1291,2,318,2611
1292,4,163,2611
1293,2,316,2612
1294,4,132,2612
1295,2,318,2613
1296,4,164,2613
1297,2,316,2614
1298,4,165,2614
1299,2,317,2615
1300,4,165,2615
1301,2,318,2616
1302,4,166,2616
1303,2,318,2617
1304,4,167,2617
1305,2,318,2618
1306,4,213,2618
1307,2,316,2619
1308,2,250,1880
1309,3,251,1880
1310,2,250,1881
1311,3,251,1881
1312,2,250,1882
1313,3,251,1882
1314,2,250,1883
1315,3,251,1883
1316,2,250,1884
1317,3,251,1884
1318,2,250,1885
1319,3,251,1885
1320,2,250,1886
1321,3,251,1886
1322,2,250,1887
1323,3,251,1887
1324,2,250,1888
1325,3,251,1888
1326,2,250,1889
1327,3,251,1889
1328,2,250,1890
1329,3,251,1890
1330,2,250,1891
1331,3,251,1891
1332,2,250,1892
1333,3,251,1892
1334,2,250,1893
1335,3,251,1893
1336,2,250,1894
1337,3,251,1894
1338,2,250,1895
1339,3,251,1895
1340,2,250,1896
1341,3,251,1896
1342,2,250,1897
1343,3,251,1897
1344,2,250,1898
1345,3,251,1898
1346,2,250,1899
1347,3,251,1899
1348,2,250,1900
1349,3,251,1900
1350,2,250,1901
1351,3,251,1901
1352,2,250,1902
1353,3,251,1902
1354,2,250,1903
1355,3,251,1903
1356,2,250,1904
1357,3,251,1904
1358,2,250,1905
1359,3,251,1905
1360,2,250,1906
1361,3,251,1906
1362,2,250,1907
1363,3,251,1907
1364,2,250,1908
1365,3,251,1908
1366,2,250,1909
1367,3,251,1909
1368,2,250,1910
1369,3,251,1910
1370,2,250,1911
1371,3,251,1911
1372,2,250,1912
1373,3,251,1912
1374,2,250,1913
1375,3,251,1913
1376,2,250,1914
1377,3,251,1914
1378,2,250,1915
1379,3,251,1915
1380,2,250,1916
1381,3,251,1916
1382,2,250,1917
1383,3,251,1917
1384,2,250,1918
1385,3,251,1918
1386,2,250,1919
1387,3,251,1919
1388,2,252,1920
1389,3,253,1920
1390,2,252,1921
1391,3,253,1921
1392,2,252,1922
1393,3,253,1922
1394,2,252,1923
1395,3,253,1923
1396,2,252,1924
1397,3,253,1924
1398,2,252,1925
1399,3,253,1925
1400,2,252,1926
1401,3,253,1926
1402,2,252,1927
1403,3,253,1927
1404,2,252,1928
1405,3,253,1928
1406,2,252,1929
1407,3,253,1929
1408,2,252,1930
1409,3,253,1930
1410,2,252,1931
1411,3,253,1931
1412,2,252,1932
1413,3,253,1932
1414,2,252,1933
1415,3,253,1933
1416,2,252,1934
1417,3,253,1934
1418,2,252,1935
1419,3,253,1935
1420,2,252,1936
1421,3,253,1936
1422,2,252,1937
1423,3,253,1937
1424,2,252,1938
1425,3,253,1938
1426,2,252,1939
1427,3,253,1939
1428,2,252,1940
1429,3,253,1940
1430,2,252,1941
1431,3,253,1941
1432,2,252,1942
1433,3,253,1942
1434,2,252,1943
1435,3,253,1943
1436,2,252,1944
1437,3,253,1944
1438,2,252,1945
1439,3,253,1945
1440,2,252,1946
1441,3,253,1946
1442,2,252,1947
1443,3,253,1947
1444,2,252,1948
1445,3,253,1948
1446,2,252,1949
1447,3,253,1949
1448,2,252,1950
1449,3,253,1950
1450,2,252,1951
1451,3,253,1951
1452,2,252,1952
1453,3,253,1952
1454,2,252,1953
1455,3,253,1953
1456,2,252,1954
1457,3,253,1954
1458,2,252,1955
1459,3,253,1955
1460,2,252,1956
1461,3,253,1956
1462,2,252,1957
1463,3,253,1957
1464,2,252,1958
1465,3,253,1958
1466,2,252,1959
1467,3,253,1959
1468,2,254,1960
1469,3,255,1960
1470,2,254,1961
1471,3,255,1961
1472,2,256,2084
1473,3,257,2084
1474,2,256,2085
1475,3,257,2085
1476,2,256,2086
1477,3,257,2086
1478,2,256,2087
1479,3,257,2087
1480,2,256,2088
1481,3,257,2088
1482,2,256,2089
1483,3,257,2089
1484,2,256,2090
1485,3,257,2090
1486,2,256,2091
1487,3,257,2091
1488,2,256,2092
1489,3,257,2092
1490,2,256,2093
1491,3,257,2093
1492,2,256,2094
1493,3,257,2094
1494,2,256,2095
1495,3,257,2095
1496,2,256,2096
1497,3,257,2096
1498,2,256,2097
1499,3,257,2097
1500,2,256,2098
1501,3,257,2098
1502,2,256,2099
1503,3,257,2099
1504,2,256,2100
1505,3,257,2100
1506,2,256,2101
1507,3,257,2101
1508,2,256,2102
1509,3,257,2102
1510,2,256,2103
1511,3,257,2103
1512,2,256,2104
1513,3,257,2104
1514,2,256,2105
1515,3,257,2105
1516,2,256,2106
1517,3,257,2106
1518,2,256,2107
1519,3,257,2107
1520,2,256,2108
1521,3,257,2108
1522,2,256,2109
1523,3,257,2109
1524,2,256,2110
1525,3,257,2110
1526,2,256,2111
1527,3,257,2111
1528,2,256,2112
1529,3,257,2112
1530,2,256,2113
1531,3,257,2113
1532,2,256,2114
1533,3,257,2114
1534,2,256,2115
1535,3,257,2115
1536,2,256,2116
1537,3,257,2116
1538,2,256,2117
1539,3,257,2117
1540,2,256,2118
1541,3,257,2118
1542,2,256,2119
1543,3,257,2119
1544,2,256,2120
1545,3,257,2120
1546,2,256,2121
1547,3,257,2121
1548,2,256,2122
1549,3,257,2122
1550,2,256,2123
1551,3,257,2123
1552,2,258,2238
1553,3,259,2238
1554,2,258,2239
1555,3,259,2239
1556,2,258,2240
1557,3,259,2240
1558,2,258,2241
1559,3,259,2241
1560,2,258,2242
1561,3,259,2242
1562,2,258,2243
1563,3,259,2243
1564,2,258,2244
1565,3,259,2244
1566,2,258,2245
1567,3,259,2245
1568,2,258,2246
1569,3,259,2246
1570,2,258,2247
1571,3,259,2247
1572,2,258,2248
1573,3,259,2248
1574,2,258,2249
1575,3,259,2249
1576,2,258,2250
1577,3,259,2250
1578,2,258,2251
1579,3,259,2251
1580,2,258,2252
1581,3,259,2252
1582,2,258,2253
1583,3,259,2253
1584,2,258,2254
1585,3,259,2254
1586,2,258,2255
1587,3,259,2255
1588,2,258,2256
1589,3,259,2256
1590,2,258,2257
1591,3,259,2257
1592,2,258,2258
1593,3,259,2258
1594,2,258,2259
1595,3,259,2259
1596,2,258,2260
1597,3,259,2260
1598,2,258,2261
1599,3,259,2261
1600,2,258,2262
1601,3,259,2262
1602,2,258,2263
1603,3,259,2263
1604,2,258,2264
1605,3,259,2264
1606,2,258,2265
1607,3,259,2265
1608,2,258,2266
1609,3,259,2266
1610,2,258,2267
1611,3,259,2267
1612,2,258,2268
1613,3,259,2268
1614,2,258,2269
1615,3,259,2269
1616,2,258,2270
1617,3,259,2270
1618,2,258,2271
1619,3,259,2271
1620,2,258,2272
1621,3,259,2272
1622,2,258,2273
1623,3,259,2273
1624,2,258,2274
1625,3,259,2274
1626,2,258,2275
1627,3,259,2275
1628,2,258,2276
1629,3,259,2276
1630,2,258,2277
1631,3,259,2277
1632,2,258,2278
1633,3,259,2278
1634,2,258,2279
1635,3,259,2279
1636,2,250,2280
1637,3,251,2280
1638,2,250,2281
1639,3,251,2281
1640,2,252,2282
1641,3,253,2282
1642,2,252,2283
1643,3,253,2283
1644,2,256,2284
1645,3,257,2284
1646,2,256,2285
1647,3,257,2285
1648,2,254,2286
1649,3,255,2286
1650,2,254,2287
1651,3,255,2287
1652,2,298,2418
1653,3,299,2418
1654,2,298,2419
1655,3,299,2419
1656,2,298,2420
1657,3,299,2420
1658,2,298,2421
1659,3,299,2421
1660,2,298,2422
1661,3,299,2422
1662,2,298,2423
1663,3,299,2423
1664,2,298,2424
1665,3,299,2424
1666,2,298,2425
1667,3,299,2425
1668,2,298,2426
1669,3,299,2426
1670,2,298,2427
1671,3,299,2427
1672,2,298,2428
1673,3,299,2428
1674,2,298,2429
1675,3,299,2429
1676,2,298,2430
1677,3,299,2430
1678,2,298,2431
1679,3,299,2431
1680,2,298,2432
1681,3,299,2432
1682,2,298,2433
1683,3,299,2433
1684,2,298,2434
1685,3,299,2434
1686,2,298,2435
1687,3,299,2435
1688,2,298,2436
1689,3,299,2436
1690,2,298,2437
1691,3,299,2437
1692,2,298,2438
1693,3,299,2438
1694,2,298,2439
1695,3,299,2439
1696,2,298,2440
1697,3,299,2440
1698,2,298,2441
1699,3,299,2441
1700,2,298,2442
1701,3,299,2442
1702,2,298,2443
1703,3,299,2443
1704,2,298,2444
1705,3,299,2444
1706,2,298,2445
1707,3,299,2445
1708,2,298,2446
1709,3,299,2446
1710,2,298,2447
1711,3,299,2447
1712,2,298,2448
1713,3,299,2448
1714,2,298,2449
1715,3,299,2449
1716,2,298,2450
1717,3,299,2450
1718,2,298,2451
1719,3,299,2451
1720,2,298,2452
1721,3,299,2452
1722,2,298,2453
1723,3,299,2453
1724,2,298,2454
1725,3,299,2454
1726,2,298,2455
1727,3,299,2455
1728,2,298,2456
1729,3,299,2456
1730,2,298,2457
1731,3,299,2457
1732,2,298,2458
1733,3,299,2458
1734,2,298,2459
1735,3,299,2459
1736,2,319,2620
1737,3,320,2620
1738,2,319,2621
1739,3,320,2621
1740,2,319,2622
1741,3,320,2622
1742,2,319,2623
1743,3,320,2623
1744,2,319,2624
1745,3,320,2624
1746,2,319,2625
1747,3,320,2625
1748,2,319,2626
1749,3,320,2626
1750,2,319,2627
1751,3,320,2627
1752,2,319,2628
1753,3,320,2628
1754,2,319,2629
1755,3,320,2629
1756,2,319,2630
1757,3,320,2630
1758,2,319,2631
1759,3,320,2631
1760,2,319,2632
1761,3,320,2632
1762,2,319,2633
1763,3,320,2633
1764,2,319,2634
1765,3,320,2634
1766,2,319,2635
1767,3,320,2635
1768,2,319,2636
1769,3,320,2636
1770,2,319,2637
1771,3,320,2637
1772,2,319,2638
1773,3,320,2638
1774,2,319,2639
1775,3,320,2639
1776,2,319,2640
1777,3,320,2640
1778,2,319,2641
1779,3,320,2641
1780,2,319,2642
1781,3,320,2642
1782,2,319,2643
1783,3,320,2643
1784,2,319,2644
1785,3,320,2644
1786,2,319,2645
1787,3,320,2645
1788,2,319,2646
1789,3,320,2646
1790,2,319,2647
1791,3,320,2647
1792,2,319,2648
1793,3,320,2648
1794,2,319,2649
1795,3,320,2649
1796,2,319,2650
1797,3,320,2650
1798,2,319,2651
1799,3,320,2651
1800,2,319,2652
1801,3,320,2652
1802,2,319,2653
1803,3,320,2653
1804,2,319,2654
1805,3,320,2654
1806,2,319,2655
1807,3,320,2655
1808,2,319,2656
1809,3,320,2656
1810,2,319,2657
1811,3,320,2657
1812,2,319,2658
1813,3,320,2658
1814,2,319,2659
1815,3,320,2659
1816,2,319,2660
1817,3,320,2660
1818,2,319,2661
1819,3,320,2661
1820,2,319,2662
1821,3,320,2662
1822,2,319,2663
1823,3,320,2663
1824,2,321,2664
1825,3,322,2664
1826,2,321,2665
1827,3,322,2665
1828,2,321,2666
1829,3,322,2666
1830,2,321,2667
1831,3,322,2667
1832,2,321,2668
1833,3,322,2668
1834,2,321,2669
1835,3,322,2669
1836,2,321,2670
1837,3,322,2670
1838,2,321,2671
1839,3,322,2671
1840,2,321,2672
1841,3,322,2672
1842,2,321,2673
1843,3,322,2673
1844,2,321,2674
1845,3,322,2674
1846,2,321,2675
1847,3,322,2675
1848,2,321,2676
1849,3,322,2676
1850,2,321,2677
1851,3,322,2677
1852,2,321,2678
1853,3,322,2678
1854,2,321,2679
1855,3,322,2679
1856,2,321,2680
1857,3,322,2680
1858,2,321,2681
1859,3,322,2681
1860,2,321,2682
1861,3,322,2682
1862,2,321,2683
1863,3,322,2683
1864,2,321,2684
1865,3,322,2684
1866,2,321,2685
1867,3,322,2685
1868,2,321,2686
1869,3,322,2686
1870,2,321,2687
1871,3,322,2687
1872,2,321,2688
1873,3,322,2688
1874,2,321,2689
1875,3,322,2689
1876,2,321,2690
1877,3,322,2690
1878,2,321,2691
1879,3,322,2691
1880,2,321,2692
1881,3,322,2692
1882,2,321,2693
1883,3,322,2693
1884,2,321,2694
1885,3,322,2694
1886,2,321,2695
1887,3,322,2695
1888,2,321,2696
1889,3,322,2696
1890,2,321,2697
1891,3,322,2697
1892,2,321,2698
1893,3,322,2698
1894,2,321,2699
1895,3,322,2699
1896,2,321,2700
1897,3,322,2700
1898,2,321,2701
1899,3,322,2701
1900,2,321,2702
1901,3,322,2702
1902,2,321,2703
1903,3,322,2703
1904,2,321,2704
1905,3,322,2704
1906,2,321,2705
1907,3,322,2705
1908,2,321,2706
1909,3,322,2706
1910,2,321,2707
1911,3,322,2707