stoneId,stoneAttributeId
1,89
1,163
1,145
2,164
2,146
2,91
3,93
3,165
3,147
4,163
4,124
4,94
5,95
5,164
5,126
6,165
6,128
6,96
7,163
7,13
7,124
8,164
8,126
8,14
9,165
9,128
9,15
10,25
10,163
10,94
11,164
11,26
11,95
12,165
12,27
12,96
13,89
13,25
13,163
14,91
14,26
14,164
15,165
15,27
15,93
16,13
16,163
16,25
17,14
17,164
17,26
18,165
18,27
18,15
19,89
19,22
19,163
20,91
20,23
20,164
21,165
21,93
21,24
22,163
22,274
22,89
23,164
23,275
23,91
24,276
24,93
24,165
25,163
25,13
25,274
26,164
26,275
26,14
27,165
27,276
27,15
28,208
28,89
28,88
29,209
29,90
29,91
30,210
30,92
30,93
31,125
31,208
31,124
32,209
32,126
32,127
33,129
33,128
33,210
34,125
34,25
34,208
35,127
35,26
35,209
36,129
36,27
36,210
37,25
37,208
37,89
38,91
38,26
38,209
39,210
39,93
39,27
40,25
40,208
40,220
41,209
41,26
41,221
42,222
42,210
42,27
43,88
43,193
43,94
44,90
44,95
44,194
45,96
45,92
45,195
46,193
46,88
46,89
47,194
47,91
47,90
48,93
48,92
48,195
49,125
49,145
49,193
50,127
50,194
50,146
51,147
51,129
51,195
52,193
52,89
52,145
53,91
53,146
53,194
54,93
54,147
54,195
55,193
55,145
55,220
56,194
56,146
56,221
57,222
57,147
57,195
58,193
58,124
58,125
59,126
59,194
59,127
60,195
60,128
60,129
61,124
61,94
61,193
62,95
62,126
62,194
63,128
63,195
63,96
64,193
64,25
64,125
65,194
65,26
65,127
66,195
66,27
66,129
67,193
67,25
67,94
68,194
68,26
68,95
69,96
69,27
69,195
70,193
70,25
70,89
71,194
71,26
71,91
72,195
72,93
72,27
73,25
73,193
73,220
74,194
74,26
74,221
75,27
75,195
75,222
76,94
76,193
76,217
77,218
77,95
77,194
78,96
78,219
78,195
109,178
109,88
109,94
110,179
110,95
110,90
111,96
111,92
111,180
112,88
112,178
112,13
113,90
113,179
113,14
114,180
114,15
114,92
115,178
115,145
115,125
116,127
116,179
116,146
117,147
117,180
117,129
118,125
118,178
118,25
119,179
119,26
119,127
120,180
120,129
120,27
121,178
121,25
121,94
122,179
122,26
122,95
123,96
123,27
123,180
124,13
124,25
124,178
125,14
125,26
125,179
126,180
126,27
126,15
127,125
127,22
127,178
128,127
128,23
128,179
129,129
129,24
129,180
130,178
130,274
130,125
131,179
131,275
131,127
132,129
132,276
132,180
133,13
133,274
133,178
134,275
134,14
134,179
135,180
135,276
135,15
136,241
136,247
136,259
137,242
137,248
137,260
138,243
138,249
138,261
139,227
139,247
139,259
140,229
140,248
140,260
141,231
141,249
141,261
142,244
142,235
142,259
143,245
143,236
143,260
144,246
144,261
144,237
145,259
145,244
145,241
146,260
146,245
146,242
147,261
147,246
147,243
148,244
148,227
148,259
149,229
149,245
149,260
150,246
150,261
150,231
151,235
151,226
151,259
152,236
152,228
152,260
153,237
153,230
153,261
154,227
154,259
154,226
155,229
155,228
155,260
156,261
156,231
156,230
157,250
157,259
157,235
158,236
158,251
158,260
159,237
159,252
159,261
160,241
160,250
160,259
161,242
161,251
161,260
162,243
162,252
162,261
163,265
163,238
163,241
164,266
164,239
164,242
165,243
165,267
165,240
166,227
166,238
166,265
167,266
167,239
167,229
168,267
168,240
168,231
169,232
169,244
169,265
170,233
170,245
170,266
171,234
171,246
171,267
172,241
172,244
172,265
173,242
173,245
173,266
174,243
174,246
174,267
175,227
175,265
175,244
176,245
176,229
176,266
177,267
177,246
177,231
178,265
178,226
178,232
179,266
179,228
179,233
180,230
180,234
180,267
181,226
181,227
181,265
182,266
182,228
182,229
183,231
183,267
183,230
184,265
184,250
184,232
185,266
185,251
185,233
186,267
186,252
186,234
187,241
187,250
187,265
188,251
188,242
188,266
189,267
189,252
189,243
190,265
190,356
190,227
191,266
191,357
191,229
192,267
192,358
192,231
193,235
193,238
193,262
194,236
194,239
194,263
195,237
195,240
195,264
196,241
196,238
196,262
197,242
197,239
197,263
198,243
198,240
198,264
199,238
199,262
199,227
200,229
200,239
200,263
201,231
201,240
201,264
202,232
202,247
202,262
203,233
203,248
203,263
204,234
204,249
204,264
205,241
205,247
205,262
206,242
206,248
206,263
207,243
207,249
207,264
208,262
208,227
208,247
209,229
209,248
209,263
210,231
210,249
210,264
211,262
211,226
211,232
212,228
212,263
212,233
213,264
213,230
213,234
214,226
214,262
214,235
215,236
215,228
215,263
216,264
216,237
216,230
217,262
217,226
217,227
218,229
218,263
218,228
219,264
219,230
219,231
220,262
220,250
220,232
221,233
221,251
221,263
222,252
222,234
222,264
223,235
223,250
223,262
224,236
224,251
224,263
225,237
225,264
225,252
226,250
226,241
226,262
227,263
227,251
227,242
228,252
228,264
228,243
229,262
229,227
229,356
230,229
230,357
230,263
231,231
231,358
231,264
232,238
232,253
232,235
233,254
233,239
233,236
234,255
234,240
234,237
235,238
235,227
235,253
236,254
236,239
236,229
237,255
237,240
237,231
238,253
238,247
238,232
239,248
239,233
239,254
240,234
240,249
240,255
241,247
241,227
241,253
242,254
242,248
242,229
243,255
243,249
243,231
244,232
244,244
244,253
245,233
245,245
245,254
246,234
246,246
246,255
247,244
247,235
247,253
248,236
248,245
248,254
249,237
249,246
249,255
250,244
250,253
250,227
251,254
251,245
251,229
252,255
252,231
252,246
253,253
253,232
253,250
254,254
254,251
254,233
255,252
255,255
255,234
256,253
256,250
256,235
257,254
257,251
257,236
258,237
258,255
258,252
259,227
259,356
259,253
260,254
260,357
260,229
261,358
261,255
261,231
262,268
262,235
262,238
263,239
263,236
263,269
264,270
264,240
264,237
265,241
265,238
265,268
266,242
266,239
266,269
267,270
267,240
267,243
268,268
268,247
268,232
269,233
269,248
269,269
270,234
270,270
270,249
271,268
271,247
271,241
272,269
272,248
272,242
273,270
273,249
273,243
274,232
274,244
274,268
275,233
275,245
275,269
276,234
276,246
276,270
277,235
277,244
277,268
278,236
278,245
278,269
279,246
279,270
279,237
280,241
280,244
280,268
281,242
281,245
281,269
282,243
282,246
282,270
283,226
283,268
283,232
284,269
284,233
284,228
285,234
285,230
285,270
286,235
286,226
286,268
287,228
287,269
287,236
288,230
288,270
288,237
289,256
289,238
289,235
290,257
290,239
290,236
291,258
291,240
291,237
292,256
292,238
292,241
293,242
293,239
293,257
294,243
294,258
294,240
295,227
295,238
295,256
296,229
296,239
296,257
297,231
297,240
297,258
298,232
298,247
298,256
299,233
299,248
299,257
300,234
300,249
300,258
301,247
301,241
301,256
302,242
302,248
302,257
303,249
303,258
303,243
304,256
304,247
304,227
305,257
305,248
305,229
306,258
306,249
306,231
307,256
307,232
307,244
308,233
308,245
308,257
309,234
309,246
309,258
310,235
310,244
310,256
311,236
311,245
311,257
312,246
312,237
312,258
313,241
313,244
313,256
314,242
314,257
314,245
315,243
315,246
315,258
316,256
316,227
316,244
317,229
317,245
317,257
318,231
318,246
318,258
319,226
319,232
319,256
320,233
320,257
320,228
321,258
321,234
321,230
322,235
322,226
322,256
323,236
323,228
323,257
324,230
324,258
324,237
325,226
325,256
325,227
326,229
326,228
326,257
327,231
327,230
327,258
328,256
328,250
328,232
329,233
329,251
329,257
330,258
330,252
330,234
331,256
331,250
331,235
332,251
332,236
332,257
333,258
333,252
333,237
334,256
334,250
334,241
335,257
335,251
335,242
336,258
336,252
336,243
337,356
337,256
337,227
338,229
338,357
338,257
339,231
339,358
339,258
340,88
340,58
340,94
341,95
341,90
341,59
342,96
342,92
342,60
343,88
343,89
343,58
344,91
344,90
344,59
345,92
345,60
345,93
346,13
346,88
346,58
347,59
347,90
347,14
348,15
348,92
348,60
349,125
349,145
349,58
350,127
350,59
350,146
351,60
351,147
351,129
352,89
352,58
352,145
353,91
353,59
353,146
354,93
354,60
354,147
355,58
355,220
355,145
356,146
356,221
356,59
357,147
357,60
357,222
358,58
358,125
358,124
359,127
359,126
359,59
360,60
360,128
360,129
361,124
361,94
361,58
362,95
362,126
362,59
363,96
363,60
363,128
364,58
364,124
364,13
365,59
365,126
365,14
366,15
366,60
366,128
367,70
367,76
367,58
368,72
368,59
368,77
369,74
369,60
369,78
370,58
370,71
370,70
371,59
371,72
371,73
372,75
372,74
372,60
373,139
373,113
373,58
374,115
374,59
374,140
375,60
375,141
375,117
376,58
376,71
376,139
377,140
377,59
377,73
378,60
378,141
378,75
379,58
379,139
379,220
380,140
380,59
380,221
381,60
381,222
381,141
382,113
382,112
382,58
383,59
383,115
383,114
384,116
384,60
384,117
385,76
385,112
385,58
386,114
386,77
386,59
387,60
387,116
387,78
388,103
388,97
388,58
389,104
389,99
389,59
390,60
390,105
390,101
391,58
391,97
391,98
392,100
392,59
392,99
393,60
393,102
393,101
394,131
394,148
394,58
395,59
395,133
395,149
396,135
396,150
396,60
397,98
397,58
397,148
398,100
398,59
398,149
399,102
399,150
399,60
400,58
400,148
400,220
401,59
401,149
401,221
402,60
402,222
402,150
403,58
403,130
403,131
404,59
404,132
404,133
405,60
405,134
405,135
406,58
406,130
406,103
407,59
407,132
407,104
408,60
408,134
408,105
409,13
409,2
409,58
410,14
410,5
410,59
411,15
411,8
411,60
412,2
412,10
412,58
413,11
413,5
413,59
414,8
414,60
414,12
415,2
415,58
415,3
416,59
416,5
416,6
417,60
417,8
417,9
418,125
418,22
418,58
419,127
419,23
419,59
420,129
420,24
420,60
421,89
421,22
421,58
422,91
422,23
422,59
423,24
423,60
423,93
424,58
424,22
424,19
425,59
425,23
425,20
426,21
426,60
426,24
427,10
427,22
427,58
428,11
428,23
428,59
429,12
429,24
429,60
430,3
430,22
430,58
431,6
431,23
431,59
432,9
432,24
432,60
433,58
433,274
433,125
434,275
434,59
434,127
435,60
435,276
435,129
436,58
436,274
436,89
437,59
437,275
437,91
438,60
438,276
438,93
439,58
439,19
439,16
440,59
440,17
440,20
441,21
441,18
441,60
442,13
442,16
442,58
443,14
443,17
443,59
444,18
444,15
444,60
445,3
445,16
445,58
446,6
446,17
446,59
447,9
447,18
447,60
448,67
448,61
448,58
449,68
449,63
449,59
450,69
450,65
450,60
451,58
451,61
451,62
452,63
452,64
452,59
453,66
453,65
453,60
454,136
454,107
454,58
455,59
455,109
455,137
456,60
456,138
456,111
457,136
457,62
457,58
458,59
458,137
458,64
459,66
459,138
459,60
460,58
460,220
460,136
461,137
461,59
461,221
462,138
462,222
462,60
463,106
463,58
463,107
464,108
464,109
464,59
465,60
465,110
465,111
466,58
466,106
466,67
467,59
467,108
467,68
468,60
468,110
468,69
469,58
469,85
469,79
470,86
470,81
470,59
471,83
471,87
471,60
472,80
472,79
472,58
473,82
473,81
473,59
474,84
474,83
474,60
475,58
475,119
475,142
476,143
476,121
476,59
477,144
477,123
477,60
478,142
478,80
478,58
479,82
479,143
479,59
480,84
480,144
480,60
481,142
481,58
481,220
482,59
482,143
482,221
483,60
483,144
483,222
484,118
484,119
484,58
485,59
485,120
485,121
486,60
486,122
486,123
487,58
487,118
487,85
488,59
488,120
488,86
489,60
489,122
489,87
490,58
490,280
490,281
491,282
491,283
491,59
492,60
492,284
492,285
493,280
493,286
493,58
494,59
494,282
494,287
495,60
495,284
495,288
496,290
496,295
496,58
497,292
497,296
497,59
498,60
498,294
498,297
499,286
499,295
499,58
500,296
500,59
500,287
501,297
501,60
501,288
502,58
502,289
502,290
503,292
503,291
503,59
504,294
504,293
504,60
505,281
505,289
505,58
506,59
506,291
506,283
507,60
507,293
507,285
508,94
508,217
508,58
509,218
509,95
509,59
510,96
510,60
510,219
511,58
511,217
511,76
512,59
512,218
512,77
513,78
513,60
513,219
514,58
514,217
514,103
515,59
515,218
515,104
516,219
516,105
516,60
517,58
517,67
517,217
518,218
518,59
518,68
519,219
519,69
519,60
520,85
520,58
520,217
521,86
521,218
521,59
522,87
522,219
522,60
523,88
523,94
523,214
524,95
524,215
524,90
525,92
525,216
525,96
526,214
526,88
526,89
527,90
527,215
527,91
528,93
528,92
528,216
529,125
529,145
529,214
530,127
530,146
530,215
531,129
531,147
531,216
532,89
532,145
532,214
533,91
533,146
533,215
534,147
534,216
534,93
535,220
535,145
535,214
536,221
536,215
536,146
537,222
537,147
537,216
538,124
538,125
538,214
539,215
539,126
539,127
540,216
540,128
540,129
541,94
541,214
541,124
542,215
542,126
542,95
543,216
543,128
543,96
544,25
544,214
544,125
545,127
545,26
545,215
546,216
546,129
546,27
547,94
547,25
547,214
548,95
548,26
548,215
549,27
549,216
549,96
550,89
550,25
550,214
551,215
551,26
551,91
552,216
552,27
552,93
553,25
553,214
553,113
554,215
554,26
554,115
555,117
555,216
555,27
556,76
556,25
556,214
557,77
557,26
557,215
558,78
558,27
558,216
559,71
559,25
559,214
560,73
560,26
560,215
561,75
561,27
561,216
562,25
562,131
562,214
563,26
563,215
563,133
564,216
564,135
564,27
565,103
565,25
565,214
566,26
566,215
566,104
567,105
567,27
567,216
568,214
568,98
568,25
569,100
569,26
569,215
570,216
570,27
570,102
571,25
571,214
571,107
572,109
572,26
572,215
573,111
573,27
573,216
574,25
574,214
574,67
575,215
575,26
575,68
576,216
576,27
576,69
577,25
577,62
577,214
578,215
578,26
578,64
579,216
579,66
579,27
580,119
580,25
580,214
581,121
581,26
581,215
582,123
582,27
582,216
583,214
583,25
583,85
584,215
584,86
584,26
585,87
585,27
585,216
586,214
586,25
586,80
587,82
587,215
587,26
588,27
588,216
588,84
589,214
589,220
589,25
590,26
590,221
590,215
591,27
591,216
591,222
592,214
592,70
592,76
593,215
593,72
593,77
594,78
594,74
594,216
595,71
595,70
595,214
596,73
596,72
596,215
597,74
597,216
597,75
598,214
598,139
598,113
599,115
599,140
599,215
600,117
600,141
600,216
601,71
601,139
601,214
602,140
602,73
602,215
603,75
603,141
603,216
604,220
604,139
604,214
605,215
605,221
605,140
606,222
606,141
606,216
607,113
607,214
607,112
608,115
608,114
608,215
609,117
609,116
609,216
610,112
610,214
610,76
611,215
611,77
611,114
612,78
612,116
612,216
613,214
613,103
613,97
614,215
614,99
614,104
615,101
615,216
615,105
616,98
616,97
616,214
617,99
617,215
617,100
618,102
618,101
618,216
619,214
619,148
619,131
620,215
620,149
620,133
621,216
621,150
621,135
622,148
622,214
622,98
623,100
623,215
623,149
624,102
624,216
624,150
625,214
625,220
625,148
626,215
626,149
626,221
627,216
627,222
627,150
628,130
628,214
628,131
629,133
629,132
629,215
630,135
630,134
630,216
631,103
631,214
631,130
632,132
632,104
632,215
633,134
633,105
633,216
634,67
634,61
634,214
635,68
635,63
635,215
636,69
636,65
636,216
637,62
637,61
637,214
638,215
638,63
638,64
639,216
639,65
639,66
640,214
640,136
640,107
641,215
641,137
641,109
642,216
642,138
642,111
643,62
643,214
643,136
644,215
644,137
644,64
645,216
645,138
645,66
646,136
646,220
646,214
647,221
647,137
647,215
648,138
648,216
648,222
649,214
649,106
649,107
650,215
650,108
650,109
651,216
651,110
651,111
652,214
652,106
652,67
653,215
653,108
653,68
654,216
654,110
654,69
655,85
655,214
655,79
656,215
656,81
656,86
657,83
657,87
657,216
658,79
658,80
658,214
659,82
659,81
659,215
660,216
660,83
660,84
661,214
661,119
661,142
662,215
662,143
662,121
663,123
663,216
663,144
664,142
664,214
664,80
665,143
665,82
665,215
666,84
666,216
666,144
667,142
667,220
667,214
668,221
668,215
668,143
669,216
669,144
669,222
670,118
670,214
670,119
671,215
671,120
671,121
672,216
672,122
672,123
673,214
673,118
673,85
674,215
674,120
674,86
675,87
675,216
675,122
676,214
676,217
676,94
677,215
677,218
677,95
678,216
678,219
678,96
679,217
679,214
679,76
680,77
680,218
680,215
681,219
681,78
681,216
682,103
682,214
682,217
683,215
683,218
683,104
684,216
684,105
684,219
685,67
685,217
685,214
686,68
686,218
686,215
687,219
687,69
687,216
688,214
688,217
688,85
689,215
689,218
689,86
690,216
690,219
690,87
691,235
691,238
691,271
692,239
692,236
692,272
693,240
693,237
693,273
694,271
694,238
694,241
695,272
695,239
695,242
696,243
696,240
696,273
697,271
697,238
697,227
698,272
698,239
698,229
699,240
699,273
699,231
700,232
700,247
700,271
701,233
701,248
701,272
702,249
702,234
702,273
703,241
703,247
703,271
704,242
704,248
704,272
705,243
705,249
705,273
706,227
706,247
706,271
707,229
707,248
707,272
708,231
708,249
708,273
709,232
709,271
709,244
710,233
710,245
710,272
711,234
711,246
711,273
712,235
712,244
712,271
713,236
713,245
713,272
714,246
714,237
714,273
715,241
715,244
715,271
716,272
716,242
716,245
717,243
717,246
717,273
718,271
718,244
718,227
719,245
719,272
719,229
720,273
720,246
720,231
721,226
721,271
721,232
722,272
722,228
722,233
723,230
723,234
723,273
724,226
724,271
724,235
725,272
725,228
725,236
726,273
726,230
726,237
727,227
727,271
727,226
728,229
728,228
728,272
729,273
729,230
729,231
730,232
730,250
730,271
731,272
731,233
731,251
732,273
732,252
732,234
733,250
733,271
733,235
734,251
734,236
734,272
735,273
735,252
735,237
736,271
736,250
736,241
737,242
737,272
737,251
738,243
738,273
738,252
739,157
739,25
739,76
740,158
740,77
740,26
741,159
741,27
741,78
742,71
742,157
742,25
743,158
743,73
743,26
744,75
744,27
744,159
745,139
745,71
745,157
746,158
746,73
746,140
747,141
747,159
747,75
748,112
748,76
748,157
749,77
749,158
749,114
750,78
750,159
750,116
751,25
751,113
751,202
752,203
752,26
752,115
753,117
753,204
753,27
754,25
754,71
754,202
755,26
755,73
755,203
756,75
756,204
756,27
757,220
757,25
757,202
758,221
758,26
758,203
759,222
759,27
759,204
760,202
760,70
760,71
761,72
761,203
761,73
762,204
762,74
762,75
763,113
763,202
763,112
764,115
764,203
764,114
765,204
765,117
765,116
766,113
766,25
766,187
767,115
767,26
767,188
768,27
768,189
768,117
769,76
769,25
769,187
770,77
770,26
770,188
771,189
771,78
771,27
772,71
772,25
772,187
773,73
773,188
773,26
774,75
774,27
774,189
775,187
775,25
775,220
776,188
776,26
776,221
777,27
777,222
777,189
778,187
778,70
778,76
779,72
779,77
779,188
780,189
780,78
780,74
781,187
781,71
781,70
782,188
782,72
782,73
783,75
783,189
783,74
784,139
784,187
784,113
785,115
785,188
785,140
786,189
786,117
786,141
787,139
787,71
787,187
788,73
788,140
788,188
789,189
789,75
789,141
790,187
790,220
790,139
791,188
791,221
791,140
792,141
792,189
792,222
793,113
793,112
793,187
794,115
794,114
794,188
795,117
795,189
795,116
796,76
796,112
796,187
797,77
797,114
797,188
798,78
798,189
798,116
799,76
799,217
799,187
800,77
800,218
800,188
801,189
801,219
801,78
832,113
832,25
832,172
833,26
833,173
833,115
834,117
834,174
834,27
835,76
835,25
835,172
836,26
836,173
836,77
837,78
837,174
837,27
838,172
838,70
838,76
839,173
839,72
839,77
840,174
840,74
840,78
841,139
841,172
841,113
842,173
842,140
842,115
843,174
843,141
843,117
844,34
844,88
844,94
845,35
845,95
845,90
846,96
846,36
846,92
847,34
847,88
847,89
848,35
848,91
848,90
849,36
849,92
849,93
850,34
850,125
850,145
851,127
851,146
851,35
852,129
852,147
852,36
853,34
853,145
853,89
854,35
854,91
854,146
855,93
855,147
855,36
856,34
856,220
856,145
857,35
857,146
857,221
858,36
858,147
858,222
859,124
859,34
859,125
860,126
860,127
860,35
861,36
861,128
861,129
862,34
862,124
862,94
863,35
863,126
863,95
864,36
864,128
864,96
865,238
865,34
865,235
866,35
866,239
866,236
867,36
867,240
867,237
868,238
868,34
868,241
869,35
869,239
869,242
870,240
870,243
870,36
871,227
871,238
871,34
872,229
872,35
872,239
873,231
873,240
873,36
874,34
874,232
874,247
875,233
875,248
875,35
876,234
876,249
876,36
877,34
877,241
877,247
878,242
878,248
878,35
879,243
879,249
879,36
880,247
880,34
880,227
881,229
881,248
881,35
882,231
882,249
882,36
883,232
883,244
883,34
884,233
884,245
884,35
885,234
885,246
885,36
886,244
886,34
886,235
887,236
887,35
887,245
888,237
888,246
888,36
889,241
889,244
889,34
890,245
890,35
890,242
891,246
891,243
891,36
892,34
892,244
892,227
893,245
893,229
893,35
894,36
894,231
894,246
895,34
895,232
895,226
896,228
896,233
896,35
897,234
897,36
897,230
898,235
898,226
898,34
899,228
899,236
899,35
900,237
900,230
900,36
901,227
901,34
901,226
902,35
902,228
902,229
903,36
903,231
903,230
904,34
904,232
904,250
905,35
905,251
905,233
906,234
906,252
906,36
907,34
907,235
907,250
908,35
908,236
908,251
909,237
909,36
909,252
910,241
910,250
910,34
911,242
911,251
911,35
912,252
912,243
912,36
913,125
913,34
913,25
914,35
914,26
914,127
915,129
915,27
915,36
916,25
916,94
916,34
917,95
917,26
917,35
918,36
918,96
918,27
919,34
919,25
919,89
920,35
920,26
920,91
921,36
921,27
921,93
922,34
922,25
922,113
923,35
923,26
923,115
924,36
924,27
924,117
925,34
925,25
925,76
926,35
926,26
926,77
927,78
927,36
927,27
928,34
928,25
928,71
929,73
929,35
929,26
930,36
930,27
930,75
931,34
931,25
931,131
932,35
932,133
932,26
933,36
933,135
933,27
934,103
934,25
934,34
935,35
935,26
935,104
936,105
936,27
936,36
937,34
937,25
937,98
938,35
938,26
938,100
939,102
939,36
939,27
940,34
940,25
940,19
941,35
941,20
941,26
942,27
942,36
942,21
943,34
943,13
943,25
944,26
944,14
944,35
945,15
945,36
945,27
946,10
946,25
946,34
947,35
947,11
947,26
948,36
948,27
948,12
949,3
949,34
949,25
950,6
950,26
950,35
951,9
951,27
951,36
952,34
952,107
952,25
953,26
953,109
953,35
954,36
954,27
954,111
955,67
955,25
955,34
956,35
956,26
956,68
957,36
957,27
957,69
958,25
958,62
958,34
959,35
959,26
959,64
960,36
960,66
960,27
961,119
961,25
961,34
962,121
962,26
962,35
963,27
963,123
963,36
964,34
964,25
964,85
965,86
965,35
965,26
966,87
966,27
966,36
967,80
967,25
967,34
968,26
968,82
968,35
969,84
969,27
969,36
970,34
970,25
970,220
971,26
971,35
971,221
972,36
972,222
972,27
973,70
973,76
973,34
974,77
974,72
974,35
975,78
975,74
975,36
976,70
976,34
976,71
977,73
977,72
977,35
978,36
978,75
978,74
979,113
979,139
979,34
980,140
980,115
980,35
981,141
981,117
981,36
982,71
982,139
982,34
983,73
983,35
983,140
984,75
984,141
984,36
985,34
985,139
985,220
986,221
986,35
986,140
987,141
987,36
987,222
988,34
988,113
988,112
989,114
989,35
989,115
990,36
990,116
990,117
991,34
991,112
991,76
992,114
992,35
992,77
993,78
993,116
993,36
994,125
994,359
994,34
995,127
995,360
995,35
996,129
996,361
996,36
997,113
997,34
997,359
998,115
998,360
998,35
999,117
999,361
999,36
1000,34
1000,359
1000,107
1001,109
1001,360
1001,35
1002,36
1002,361
1002,111
1003,34
1003,359
1003,119
1004,35
1004,360
1004,121
1005,123
1005,36
1005,361
1006,359
1006,220
1006,34
1007,221
1007,35
1007,360
1008,361
1008,36
1008,222
1009,34
1009,97
1009,103
1010,35
1010,104
1010,99
1011,105
1011,101
1011,36
1012,34
1012,97
1012,98
1013,35
1013,99
1013,100
1014,101
1014,36
1014,102
1015,148
1015,131
1015,34
1016,35
1016,149
1016,133
1017,36
1017,150
1017,135
1018,34
1018,148
1018,98
1019,100
1019,149
1019,35
1020,150
1020,102
1020,36
1021,148
1021,220
1021,34
1022,35
1022,149
1022,221
1023,36
1023,150
1023,222
1024,131
1024,130
1024,34
1025,133
1025,132
1025,35
1026,135
1026,134
1026,36
1027,103
1027,34
1027,130
1028,104
1028,132
1028,35
1029,134
1029,36
1029,105
1030,13
1030,2
1030,34
1031,14
1031,5
1031,35
1032,15
1032,8
1032,36
1033,10
1033,2
1033,34
1034,11
1034,5
1034,35
1035,12
1035,8
1035,36
1036,3
1036,2
1036,34
1037,6
1037,5
1037,35
1038,9
1038,8
1038,36
1039,34
1039,22
1039,19
1040,35
1040,23
1040,20
1041,21
1041,36
1041,24
1042,22
1042,10
1042,34
1043,11
1043,23
1043,35
1044,12
1044,24
1044,36
1045,3
1045,34
1045,22
1046,35
1046,6
1046,23
1047,9
1047,24
1047,36
1048,34
1048,16
1048,19
1049,35
1049,20
1049,17
1050,21
1050,18
1050,36
1051,16
1051,13
1051,34
1052,14
1052,35
1052,17
1053,36
1053,18
1053,15
1054,3
1054,16
1054,34
1055,17
1055,35
1055,6
1056,18
1056,9
1056,36
1057,61
1057,34
1057,67
1058,68
1058,63
1058,35
1059,69
1059,65
1059,36
1060,34
1060,62
1060,61
1061,35
1061,63
1061,64
1062,65
1062,36
1062,66
1063,34
1063,136
1063,107
1064,35
1064,137
1064,109
1065,36
1065,138
1065,111
1066,62
1066,136
1066,34
1067,35
1067,137
1067,64
1068,36
1068,138
1068,66
1069,220
1069,136
1069,34
1070,137
1070,35
1070,221
1071,36
1071,138
1071,222
1072,106
1072,34
1072,107
1073,109
1073,108
1073,35
1074,111
1074,110
1074,36
1075,67
1075,34
1075,106
1076,68
1076,108
1076,35
1077,110
1077,36
1077,69
1078,85
1078,79
1078,34
1079,86
1079,81
1079,35
1080,87
1080,83
1080,36
1081,34
1081,80
1081,79
1082,82
1082,81
1082,35
1083,84
1083,83
1083,36
1084,142
1084,34
1084,119
1085,35
1085,143
1085,121
1086,36
1086,144
1086,123
1087,34
1087,142
1087,80
1088,35
1088,82
1088,143
1089,84
1089,144
1089,36
1090,34
1090,142
1090,220
1091,35
1091,143
1091,221
1092,36
1092,222
1092,144
1093,119
1093,118
1093,34
1094,120
1094,35
1094,121
1095,36
1095,122
1095,123
1096,34
1096,118
1096,85
1097,35
1097,120
1097,86
1098,36
1098,122
1098,87
1099,34
1099,94
1099,217
1100,95
1100,218
1100,35
1101,219
1101,36
1101,96
1102,76
1102,217
1102,34
1103,218
1103,77
1103,35
1104,78
1104,219
1104,36
1105,34
1105,217
1105,103
1106,218
1106,104
1106,35
1107,36
1107,219
1107,105
1108,217
1108,34
1108,67
1109,35
1109,218
1109,68
1110,36
1110,219
1110,69
1111,34
1111,217
1111,85
1112,35
1112,218
1112,86
1113,219
1113,87
1113,36
1114,19
1114,28
1114,25
1115,20
1115,29
1115,26
1116,21
1116,27
1116,30
1117,28
1117,13
1117,25
1118,29
1118,26
1118,14
1119,15
1119,27
1119,30
1120,28
1120,10
1120,25
1121,11
1121,26
1121,29
1122,30
1122,12
1122,27
1123,28
1123,25
1123,3
1124,29
1124,26
1124,6
1125,30
1125,9
1125,27
1126,25
1126,107
1126,28
1127,26
1127,29
1127,109
1128,27
1128,111
1128,30
1129,28
1129,67
1129,25
1130,26
1130,68
1130,29
1131,69
1131,30
1131,27
1132,25
1132,28
1132,62
1133,64
1133,29
1133,26
1134,30
1134,27
1134,66
1135,28
1135,359
1135,19
1136,20
1136,29
1136,360
1137,30
1137,361
1137,21
1138,2
1138,28
1138,13
1139,29
1139,14
1139,5
1140,15
1140,8
1140,30
1141,2
1141,28
1141,10
1142,11
1142,5
1142,29
1143,8
1143,30
1143,12
1144,3
1144,2
1144,28
1145,29
1145,5
1145,6
1146,30
1146,8
1146,9
1147,19
1147,22
1147,28
1148,20
1148,23
1148,29
1149,21
1149,30
1149,24
1150,28
1150,22
1150,10
1151,11
1151,23
1151,29
1152,12
1152,24
1152,30
1153,3
1153,22
1153,28
1154,29
1154,23
1154,6
1155,9
1155,24
1155,30
1156,16
1156,28
1156,19
1157,20
1157,17
1157,29
1158,18
1158,30
1158,21
1159,13
1159,16
1159,28
1160,14
1160,17
1160,29
1161,15
1161,30
1161,18
1162,28
1162,3
1162,16
1163,6
1163,17
1163,29
1164,18
1164,9
1164,30
1165,61
1165,67
1165,28
1166,68
1166,63
1166,29
1167,30
1167,69
1167,65
1168,62
1168,61
1168,28
1169,29
1169,64
1169,63
1170,66
1170,65
1170,30
1171,136
1171,107
1171,28
1172,137
1172,29
1172,109
1173,30
1173,138
1173,111
1174,28
1174,136
1174,62
1175,29
1175,137
1175,64
1176,30
1176,138
1176,66
1177,28
1177,106
1177,107
1178,109
1178,108
1178,29
1179,30
1179,110
1179,111
1180,106
1180,28
1180,67
1181,108
1181,29
1181,68
1182,30
1182,110
1182,69
1183,31
1183,88
1183,89
1184,32
1184,90
1184,91
1185,93
1185,92
1185,33
1186,13
1186,88
1186,31
1187,14
1187,90
1187,32
1188,33
1188,92
1188,15
1189,125
1189,31
1189,124
1190,127
1190,126
1190,32
1191,129
1191,128
1191,33
1192,124
1192,31
1192,13
1193,14
1193,126
1193,32
1194,33
1194,15
1194,128
1195,25
1195,125
1195,31
1196,26
1196,32
1196,127
1197,129
1197,27
1197,33
1198,31
1198,89
1198,25
1199,91
1199,26
1199,32
1200,93
1200,27
1200,33
1201,25
1201,19
1201,31
1202,32
1202,26
1202,20
1203,33
1203,27
1203,21
1204,13
1204,31
1204,25
1205,32
1205,14
1205,26
1206,15
1206,27
1206,33
1207,25
1207,10
1207,31
1208,32
1208,11
1208,26
1209,33
1209,27
1209,12
1210,3
1210,25
1210,31
1211,26
1211,32
1211,6
1212,9
1212,27
1212,33
1213,31
1213,25
1213,290
1214,32
1214,26
1214,292
1215,33
1215,27
1215,294
1216,281
1216,31
1216,25
1217,283
1217,32
1217,26
1218,285
1218,27
1218,33
1219,31
1219,25
1219,286
1220,287
1220,26
1220,32
1221,33
1221,27
1221,288
1222,359
1222,19
1222,31
1223,32
1223,20
1223,360
1224,21
1224,361
1224,33
1225,13
1225,31
1225,2
1226,32
1226,5
1226,14
1227,15
1227,33
1227,8
1228,10
1228,2
1228,31
1229,32
1229,5
1229,11
1230,12
1230,8
1230,33
1231,31
1231,2
1231,3
1232,5
1232,32
1232,6
1233,9
1233,33
1233,8
1234,31
1234,125
1234,22
1235,23
1235,127
1235,32
1236,33
1236,24
1236,129
1237,31
1237,22
1237,89
1238,91
1238,23
1238,32
1239,93
1239,24
1239,33
1240,31
1240,19
1240,22
1241,20
1241,23
1241,32
1242,24
1242,33
1242,21
1243,22
1243,31
1243,10
1244,23
1244,32
1244,11
1245,12
1245,24
1245,33
1246,22
1246,31
1246,3
1247,32
1247,6
1247,23
1248,33
1248,24
1248,9
1249,31
1249,274
1249,125
1250,32
1250,275
1250,127
1251,33
1251,276
1251,129
1252,274
1252,89
1252,31
1253,91
1253,275
1253,32
1254,93
1254,276
1254,33
1255,19
1255,16
1255,31
1256,20
1256,17
1256,32
1257,21
1257,18
1257,33
1258,13
1258,16
1258,31
1259,14
1259,17
1259,32
1260,15
1260,18
1260,33
1261,3
1261,16
1261,31
1262,6
1262,17
1262,32
1263,9
1263,18
1263,33
1264,31
1264,280
1264,281
1265,32
1265,282
1265,283
1266,33
1266,284
1266,285
1267,31
1267,280
1267,286
1268,287
1268,282
1268,32
1269,288
1269,284
1269,33
1270,290
1270,295
1270,31
1271,292
1271,296
1271,32
1272,294
1272,297
1272,33
1273,286
1273,31
1273,295
1274,32
1274,296
1274,287
1275,33
1275,297
1275,288
1276,31
1276,289
1276,290
1277,291
1277,292
1277,32
1278,33
1278,293
1278,294
1279,281
1279,31
1279,289
1280,32
1280,283
1280,291
1281,285
1281,293
1281,33
1282,1
1282,238
1282,235
1283,236
1283,4
1283,239
1284,240
1284,7
1284,237
1285,1
1285,238
1285,241
1286,4
1286,239
1286,242
1287,243
1287,7
1287,240
1288,238
1288,1
1288,227
1289,239
1289,4
1289,229
1290,231
1290,240
1290,7
1291,1
1291,232
1291,247
1292,248
1292,4
1292,233
1293,249
1293,234
1293,7
1294,247
1294,241
1294,1
1295,4
1295,248
1295,242
1296,249
1296,243
1296,7
1297,1
1297,227
1297,247
1298,4
1298,229
1298,248
1299,231
1299,249
1299,7
1300,232
1300,244
1300,1
1301,245
1301,233
1301,4
1302,246
1302,234
1302,7
1303,1
1303,244
1303,235
1304,4
1304,245
1304,236
1305,7
1305,246
1305,237
1306,241
1306,244
1306,1
1307,245
1307,242
1307,4
1308,246
1308,7
1308,243
1309,1
1309,244
1309,227
1310,245
1310,4
1310,229
1311,7
1311,246
1311,231
1312,232
1312,226
1312,1
1313,228
1313,4
1313,233
1314,234
1314,230
1314,7
1315,235
1315,226
1315,1
1316,236
1316,228
1316,4
1317,237
1317,230
1317,7
1318,1
1318,227
1318,226
1319,228
1319,229
1319,4
1320,7
1320,230
1320,231
1321,232
1321,250
1321,1
1322,233
1322,251
1322,4
1323,7
1323,252
1323,234
1324,235
1324,250
1324,1
1325,236
1325,251
1325,4
1326,237
1326,7
1326,252
1327,1
1327,250
1327,241
1328,251
1328,242
1328,4
1329,7
1329,252
1329,243
1330,19
1330,1
1330,25
1331,4
1331,26
1331,20
1332,7
1332,27
1332,21
1333,1
1333,25
1333,13
1334,4
1334,14
1334,26
1335,15
1335,7
1335,27
1336,10
1336,25
1336,1
1337,11
1337,26
1337,4
1338,12
1338,27
1338,7
1339,3
1339,25
1339,1
1340,4
1340,26
1340,6
1341,9
1341,27
1341,7
1342,1
1342,2
1342,13
1343,4
1343,5
1343,14
1344,7
1344,8
1344,15
1345,10
1345,2
1345,1
1346,11
1346,5
1346,4
1347,8
1347,12
1347,7
1348,1
1348,2
1348,3
1349,4
1349,5
1349,6
1350,7
1350,8
1350,9
1351,1
1351,22
1351,19
1352,23
1352,20
1352,4
1353,24
1353,21
1353,7
1354,1
1354,22
1354,10
1355,23
1355,4
1355,11
1356,7
1356,24
1356,12
1357,1
1357,22
1357,3
1358,4
1358,23
1358,6
1359,7
1359,24
1359,9
1360,1
1360,19
1360,16
1361,20
1361,17
1361,4
1362,18
1362,7
1362,21
1363,16
1363,1
1363,13
1364,14
1364,17
1364,4
1365,15
1365,7
1365,18
1366,16
1366,3
1366,1
1367,6
1367,17
1367,4
1368,9
1368,18
1368,7
1369,235
1369,356
1369,1
1370,4
1370,236
1370,357
1371,358
1371,7
1371,237
1372,241
1372,356
1372,1
1373,4
1373,357
1373,242
1374,243
1374,7
1374,358
1375,151
1375,88
1375,94
1376,152
1376,90
1376,95
1377,92
1377,96
1377,153
1378,89
1378,88
1378,151
1379,91
1379,90
1379,152
1380,93
1380,153
1380,92
1381,151
1381,88
1381,13
1382,152
1382,90
1382,14
1383,153
1383,92
1383,15
1384,151
1384,125
1384,145
1385,127
1385,146
1385,152
1386,153
1386,129
1386,147
1387,89
1387,145
1387,151
1388,152
1388,146
1388,91
1389,93
1389,147
1389,153
1390,151
1390,124
1390,125
1391,152
1391,126
1391,127
1392,153
1392,128
1392,129
1393,94
1393,124
1393,151
1394,152
1394,126
1394,95
1395,153
1395,128
1395,96
1396,151
1396,124
1396,13
1397,126
1397,14
1397,152
1398,128
1398,15
1398,153
1399,125
1399,151
1399,25
1400,26
1400,152
1400,127
1401,27
1401,129
1401,153
1402,25
1402,94
1402,151
1403,152
1403,26
1403,95
1404,96
1404,27
1404,153
1405,151
1405,89
1405,25
1406,26
1406,152
1406,91
1407,153
1407,27
1407,93
1408,113
1408,151
1408,25
1409,152
1409,115
1409,26
1410,27
1410,153
1410,117
1411,76
1411,151
1411,25
1412,77
1412,26
1412,152
1413,27
1413,153
1413,78
1414,71
1414,25
1414,151
1415,26
1415,73
1415,152
1416,153
1416,27
1416,75
1417,131
1417,25
1417,151
1418,26
1418,133
1418,152
1419,135
1419,27
1419,153
1420,103
1420,25
1420,151
1421,26
1421,104
1421,152
1422,27
1422,153
1422,105
1423,151
1423,25
1423,98
1424,100
1424,152
1424,26
1425,27
1425,153
1425,102
1426,13
1426,151
1426,25
1427,152
1427,14
1427,26
1428,15
1428,27
1428,153
1429,151
1429,25
1429,277
1430,152
1430,26
1430,278
1431,279
1431,153
1431,27
1432,107
1432,25
1432,151
1433,26
1433,109
1433,152
1434,111
1434,153
1434,27
1435,151
1435,25
1435,67
1436,152
1436,26
1436,68
1437,153
1437,27
1437,69
1438,62
1438,151
1438,25
1439,152
1439,26
1439,64
1440,27
1440,153
1440,66
1441,25
1441,119
1441,151
1442,152
1442,26
1442,121
1443,153
1443,27
1443,123
1444,25
1444,151
1444,85
1445,86
1445,26
1445,152
1446,87
1446,27
1446,153
1447,151
1447,80
1447,25
1448,152
1448,82
1448,26
1449,84
1449,27
1449,153
1450,151
1450,25
1450,290
1451,152
1451,292
1451,26
1452,294
1452,153
1452,27
1453,151
1453,25
1453,281
1454,283
1454,152
1454,26
1455,285
1455,27
1455,153
1456,286
1456,25
1456,151
1457,287
1457,26
1457,152
1458,288
1458,153
1458,27
1459,76
1459,151
1459,70
1460,152
1460,72
1460,77
1461,78
1461,74
1461,153
1462,70
1462,151
1462,71
1463,152
1463,72
1463,73
1464,153
1464,74
1464,75
1465,113
1465,139
1465,151
1466,140
1466,152
1466,115
1467,117
1467,141
1467,153
1468,71
1468,139
1468,151
1469,73
1469,140
1469,152
1470,141
1470,153
1470,75
1471,151
1471,113
1471,112
1472,152
1472,115
1472,114
1473,116
1473,117
1473,153
1474,112
1474,151
1474,76
1475,114
1475,152
1475,77
1476,78
1476,153
1476,116
1477,151
1477,125
1477,359
1478,360
1478,152
1478,127
1479,361
1479,153
1479,129
1480,113
1480,359
1480,151
1481,115
1481,360
1481,152
1482,117
1482,361
1482,153
1483,107
1483,359
1483,151
1484,360
1484,152
1484,109
1485,153
1485,361
1485,111
1486,151
1486,359
1486,290
1487,292
1487,152
1487,360
1488,361
1488,153
1488,294
1489,151
1489,97
1489,103
1490,104
1490,99
1490,152
1491,105
1491,153
1491,101
1492,98
1492,97
1492,151
1493,100
1493,99
1493,152
1494,102
1494,101
1494,153
1495,131
1495,148
1495,151
1496,133
1496,149
1496,152
1497,135
1497,153
1497,150
1498,151
1498,148
1498,98
1499,100
1499,152
1499,149
1500,102
1500,150
1500,153
1501,130
1501,151
1501,131
1502,133
1502,152
1502,132
1503,153
1503,134
1503,135
1504,151
1504,130
1504,103
1505,132
1505,152
1505,104
1506,105
1506,153
1506,134
1507,151
1507,125
1507,22
1508,152
1508,23
1508,127
1509,153
1509,24
1509,129
1510,151
1510,22
1510,89
1511,152
1511,23
1511,91
1512,153
1512,24
1512,93
1513,151
1513,125
1513,274
1514,152
1514,275
1514,127
1515,153
1515,276
1515,129
1516,151
1516,274
1516,89
1517,152
1517,275
1517,91
1518,153
1518,276
1518,93
1519,151
1519,274
1519,13
1520,152
1520,275
1520,14
1521,15
1521,153
1521,276
1522,67
1522,61
1522,151
1523,68
1523,63
1523,152
1524,69
1524,65
1524,153
1525,62
1525,61
1525,151
1526,64
1526,63
1526,152
1527,66
1527,65
1527,153
1528,136
1528,107
1528,151
1529,109
1529,137
1529,152
1530,153
1530,111
1530,138
1531,136
1531,62
1531,151
1532,152
1532,137
1532,64
1533,153
1533,138
1533,66
1534,151
1534,106
1534,107
1535,152
1535,108
1535,109
1536,153
1536,110
1536,111
1537,151
1537,106
1537,67
1538,108
1538,152
1538,68
1539,153
1539,110
1539,69
1540,151
1540,79
1540,85
1541,86
1541,152
1541,81
1542,83
1542,87
1542,153
1543,79
1543,151
1543,80
1544,152
1544,81
1544,82
1545,153
1545,83
1545,84
1546,142
1546,151
1546,119
1547,143
1547,152
1547,121
1548,144
1548,153
1548,123
1549,80
1549,151
1549,142
1550,82
1550,143
1550,152
1551,153
1551,144
1551,84
1552,118
1552,119
1552,151
1553,120
1553,121
1553,152
1554,123
1554,122
1554,153
1555,151
1555,118
1555,85
1556,86
1556,120
1556,152
1557,122
1557,153
1557,87
1558,151
1558,280
1558,281
1559,152
1559,282
1559,283
1560,153
1560,284
1560,285
1561,151
1561,280
1561,286
1562,152
1562,282
1562,287
1563,284
1563,288
1563,153
1564,151
1564,290
1564,295
1565,296
1565,152
1565,292
1566,153
1566,297
1566,294
1567,151
1567,295
1567,286
1568,152
1568,296
1568,287
1569,153
1569,288
1569,297
1570,151
1570,289
1570,290
1571,152
1571,291
1571,292
1572,153
1572,293
1572,294
1573,151
1573,289
1573,281
1574,283
1574,152
1574,291
1575,153
1575,293
1575,285
1576,125
1576,25
1576,362
1577,363
1577,26
1577,127
1578,364
1578,27
1578,129
1579,362
1579,25
1579,113
1580,363
1580,26
1580,115
1581,27
1581,117
1581,364
1582,25
1582,19
1582,362
1583,363
1583,26
1583,20
1584,21
1584,27
1584,364
1585,107
1585,362
1585,25
1586,363
1586,26
1586,109
1587,364
1587,27
1587,111
1588,362
1588,25
1588,119
1589,363
1589,26
1589,121
1590,364
1590,123
1590,27
1591,290
1591,25
1591,362
1592,26
1592,292
1592,363
1593,364
1593,27
1593,294
1594,310
1594,365
1595,366
1595,312
1596,310
1596,311
1597,312
1597,313
1598,312
1598,314
1599,322
1599,323
1600,324
1600,325
1601,322
1601,326
1602,324
1602,327
1603,312
1603,323
1604,317
1604,325
1605,315
1605,310
1606,312
1606,316
1607,317
1607,318
1608,319
1608,310
1609,320
1609,312
1610,317
1610,321
1611,326
1611,312
1612,317
1612,327
1613,340
1613,328
1614,341
1614,330
1615,332
1615,342
1616,329
1616,328
1617,330
1617,331
1618,332
1618,333
1619,328
1619,334
1620,330
1620,335
1621,332
1621,336
1622,328
1622,337
1623,330
1623,338
1624,339
1624,332
1625,310
1625,343
1626,312
1626,344
1627,317
1627,345
1628,346
1628,347
1629,348
1629,349
1630,351
1630,350
1631,355
1631,347
1632,322
1632,349
1633,351
1633,324
1634,310
1634,352
1635,312
1635,353
1636,317
1636,354
1637,310
1637,347
1638,349
1638,312
1639,317
1639,351
1640,103
1640,25
1640,166
1641,104
1641,26
1641,167
1642,27
1642,168
1642,105
1643,98
1643,25
1643,166
1644,100
1644,26
1644,167
1645,168
1645,27
1645,102
1646,98
1646,148
1646,166
1647,100
1647,149
1647,167
1648,102
1648,168
1648,150
1649,166
1649,103
1649,130
1650,104
1650,132
1650,167
1651,134
1651,105
1651,168
1652,131
1652,25
1652,211
1653,133
1653,26
1653,212
1654,135
1654,27
1654,213
1655,25
1655,211
1655,98
1656,212
1656,26
1656,100
1657,213
1657,27
1657,102
1658,25
1658,211
1658,220
1659,221
1659,26
1659,212
1660,222
1660,27
1660,213
1661,211
1661,97
1661,98
1662,212
1662,99
1662,100
1663,101
1663,213
1663,102
1664,211
1664,131
1664,130
1665,132
1665,133
1665,212
1666,213
1666,135
1666,134
1667,25
1667,196
1667,131
1668,197
1668,26
1668,133
1669,27
1669,198
1669,135
1670,196
1670,25
1670,103
1671,104
1671,26
1671,197
1672,198
1672,27
1672,105
1673,196
1673,98
1673,25
1674,100
1674,26
1674,197
1675,27
1675,198
1675,102
1676,220
1676,25
1676,196
1677,221
1677,26
1677,197
1678,222
1678,27
1678,198
1679,103
1679,196
1679,97
1680,197
1680,99
1680,104
1681,198
1681,101
1681,105
1682,196
1682,97
1682,98
1683,197
1683,99
1683,100
1684,198
1684,101
1684,102
1685,148
1685,131
1685,196
1686,197
1686,149
1686,133
1687,198
1687,150
1687,135
1688,196
1688,98
1688,148
1689,197
1689,100
1689,149
1690,102
1690,150
1690,198
1691,220
1691,148
1691,196
1692,221
1692,149
1692,197
1693,150
1693,198
1693,222
1694,196
1694,130
1694,131
1695,132
1695,197
1695,133
1696,198
1696,134
1696,135
1697,196
1697,130
1697,103
1698,132
1698,197
1698,104
1699,198
1699,134
1699,105
1700,196
1700,217
1700,103
1701,197
1701,218
1701,104
1702,105
1702,198
1702,219
1730,181
1730,131
1730,25
1731,133
1731,26
1731,182
1732,135
1732,27
1732,183
1733,103
1733,25
1733,181
1734,104
1734,182
1734,26
1735,183
1735,105
1735,27
1736,181
1736,97
1736,103
1737,182
1737,99
1737,104
1738,183
1738,101
1738,105
1739,181
1739,148
1739,131
1740,182
1740,149
1740,133
1741,183
1741,150
1741,135
1742,13
1742,25
1742,37
1743,14
1743,26
1743,38
1744,15
1744,27
1744,39
1745,37
1745,10
1745,25
1746,11
1746,26
1746,38
1747,12
1747,27
1747,39
1748,37
1748,25
1748,3
1749,6
1749,26
1749,38
1750,9
1750,27
1750,39
1751,37
1751,22
1751,10
1752,38
1752,23
1752,11
1753,12
1753,39
1753,24
1754,37
1754,22
1754,3
1755,38
1755,6
1755,23
1756,9
1756,24
1756,39
1757,13
1757,16
1757,37
1758,14
1758,17
1758,38
1759,18
1759,39
1759,15
1760,3
1760,16
1760,37
1761,6
1761,17
1761,38
1762,9
1762,18
1762,39
1763,89
1763,88
1763,46
1764,47
1764,91
1764,90
1765,48
1765,93
1765,92
1766,125
1766,124
1766,46
1767,127
1767,126
1767,47
1768,129
1768,128
1768,48
1769,125
1769,25
1769,46
1770,47
1770,26
1770,127
1771,129
1771,27
1771,48
1772,89
1772,46
1772,25
1773,91
1773,26
1773,47
1774,27
1774,93
1774,48
1775,25
1775,19
1775,46
1776,26
1776,20
1776,47
1777,48
1777,27
1777,21
1778,46
1778,10
1778,25
1779,11
1779,47
1779,26
1780,12
1780,48
1780,27
1781,3
1781,25
1781,46
1782,6
1782,47
1782,26
1783,9
1783,27
1783,48
1784,10
1784,2
1784,46
1785,5
1785,47
1785,11
1786,8
1786,48
1786,12
1787,46
1787,3
1787,2
1788,6
1788,5
1788,47
1789,9
1789,8
1789,48
1790,46
1790,274
1790,125
1791,47
1791,127
1791,275
1792,48
1792,276
1792,129
1793,46
1793,274
1793,89
1794,47
1794,275
1794,91
1795,276
1795,48
1795,93
1796,46
1796,16
1796,19
1797,47
1797,17
1797,20
1798,21
1798,48
1798,18
1799,46
1799,16
1799,3
1800,47
1800,17
1800,6
1801,48
1801,18
1801,9
1802,43
1802,88
1802,89
1803,44
1803,90
1803,91
1804,45
1804,92
1804,93
1805,43
1805,88
1805,13
1806,44
1806,90
1806,14
1807,15
1807,92
1807,45
1808,125
1808,124
1808,43
1809,44
1809,127
1809,126
1810,129
1810,128
1810,45
1811,13
1811,124
1811,43
1812,14
1812,126
1812,44
1813,45
1813,128
1813,15
1814,43
1814,25
1814,125
1815,44
1815,26
1815,127
1816,129
1816,45
1816,27
1817,43
1817,25
1817,89
1818,91
1818,44
1818,26
1819,45
1819,27
1819,93
1820,19
1820,25
1820,43
1821,20
1821,26
1821,44
1822,27
1822,21
1822,45
1823,25
1823,13
1823,43
1824,44
1824,26
1824,14
1825,45
1825,27
1825,15
1826,10
1826,43
1826,25
1827,11
1827,44
1827,26
1828,27
1828,12
1828,45
1829,25
1829,43
1829,3
1830,26
1830,6
1830,44
1831,45
1831,9
1831,27
1832,2
1832,13
1832,43
1833,14
1833,5
1833,44
1834,45
1834,8
1834,15
1835,43
1835,2
1835,10
1836,44
1836,11
1836,5
1837,45
1837,8
1837,12
1838,43
1838,2
1838,3
1839,6
1839,5
1839,44
1840,9
1840,45
1840,8
1841,43
1841,22
1841,125
1842,44
1842,23
1842,127
1843,24
1843,129
1843,45
1844,43
1844,22
1844,89
1845,23
1845,91
1845,44
1846,45
1846,24
1846,93
1847,22
1847,19
1847,43
1848,20
1848,23
1848,44
1849,21
1849,45
1849,24
1850,10
1850,22
1850,43
1851,11
1851,23
1851,44
1852,45
1852,24
1852,12
1853,3
1853,22
1853,43
1854,6
1854,23
1854,44
1855,9
1855,24
1855,45
1856,43
1856,16
1856,19
1857,17
1857,44
1857,20
1858,21
1858,45
1858,18
1859,13
1859,16
1859,43
1860,14
1860,17
1860,44
1861,18
1861,45
1861,15
1862,3
1862,43
1862,16
1863,44
1863,17
1863,6
1864,45
1864,18
1864,9
1940,40
1940,19
1940,25
1941,20
1941,26
1941,41
1942,21
1942,27
1942,42
1943,25
1943,13
1943,40
1944,14
1944,26
1944,41
1945,27
1945,42
1945,15
1946,3
1946,25
1946,40
1947,6
1947,26
1947,41
1948,42
1948,9
1948,27
1949,13
1949,2
1949,40
1950,5
1950,41
1950,14
1951,8
1951,15
1951,42
1952,40
1952,2
1952,3
1953,6
1953,41
1953,5
1954,42
1954,8
1954,9
1955,40
1955,22
1955,19
1956,20
1956,23
1956,41
1957,42
1957,21
1957,24
1958,3
1958,22
1958,40
1959,41
1959,23
1959,6
1960,24
1960,9
1960,42
1961,94
1961,88
1961,52
1962,95
1962,90
1962,53
1963,96
1963,92
1963,54
1964,89
1964,88
1964,52
1965,91
1965,90
1965,53
1966,93
1966,92
1966,54
1967,13
1967,88
1967,52
1968,53
1968,14
1968,90
1969,92
1969,54
1969,15
1970,125
1970,52
1970,145
1971,53
1971,146
1971,127
1972,54
1972,147
1972,129
1973,89
1973,145
1973,52
1974,91
1974,146
1974,53
1975,147
1975,93
1975,54
1976,52
1976,125
1976,124
1977,53
1977,127
1977,126
1978,129
1978,128
1978,54
1979,94
1979,124
1979,52
1980,95
1980,126
1980,53
1981,96
1981,128
1981,54
1982,124
1982,52
1982,13
1983,53
1983,126
1983,14
1984,54
1984,128
1984,15
1985,52
1985,70
1985,76
1986,53
1986,72
1986,77
1987,78
1987,54
1987,74
1988,71
1988,52
1988,70
1989,53
1989,72
1989,73
1990,54
1990,74
1990,75
1991,113
1991,139
1991,52
1992,53
1992,140
1992,115
1993,54
1993,141
1993,117
1994,71
1994,52
1994,139
1995,53
1995,140
1995,73
1996,75
1996,141
1996,54
1997,112
1997,52
1997,113
1998,115
1998,114
1998,53
1999,117
1999,116
1999,54
2000,112
2000,76
2000,52
2001,114
2001,77
2001,53
2002,54
2002,116
2002,78
2003,52
2003,359
2003,125
2004,127
2004,53
2004,360
2005,54
2005,361
2005,129
2006,113
2006,359
2006,52
2007,53
2007,360
2007,115
2008,54
2008,361
2008,117
2009,19
2009,52
2009,359
2010,20
2010,360
2010,53
2011,21
2011,361
2011,54
2012,107
2012,359
2012,52
2013,53
2013,360
2013,109
2014,54
2014,361
2014,111
2015,359
2015,119
2015,52
2016,53
2016,121
2016,360
2017,123
2017,361
2017,54
2018,290
2018,359
2018,52
2019,292
2019,360
2019,53
2020,361
2020,54
2020,294
2021,52
2021,97
2021,103
2022,104
2022,53
2022,99
2023,105
2023,54
2023,101
2024,52
2024,97
2024,98
2025,100
2025,53
2025,99
2026,54
2026,101
2026,102
2027,148
2027,131
2027,52
2028,133
2028,149
2028,53
2029,54
2029,135
2029,150
2030,148
2030,98
2030,52
2031,53
2031,100
2031,149
2032,54
2032,102
2032,150
2033,130
2033,52
2033,131
2034,132
2034,133
2034,53
2035,54
2035,135
2035,134
2036,130
2036,52
2036,103
2037,53
2037,104
2037,132
2038,105
2038,134
2038,54
2039,2
2039,13
2039,52
2040,5
2040,53
2040,14
2041,54
2041,15
2041,8
2042,52
2042,2
2042,10
2043,11
2043,53
2043,5
2044,12
2044,54
2044,8
2045,2
2045,3
2045,52
2046,6
2046,5
2046,53
2047,54
2047,8
2047,9
2048,125
2048,22
2048,52
2049,23
2049,53
2049,127
2050,54
2050,24
2050,129
2051,89
2051,22
2051,52
2052,23
2052,53
2052,91
2053,54
2053,24
2053,93
2054,52
2054,19
2054,22
2055,20
2055,23
2055,53
2056,21
2056,54
2056,24
2057,10
2057,22
2057,52
2058,53
2058,11
2058,23
2059,12
2059,24
2059,54
2060,22
2060,52
2060,3
2061,53
2061,23
2061,6
2062,54
2062,9
2062,24
2063,274
2063,125
2063,52
2064,127
2064,275
2064,53
2065,129
2065,276
2065,54
2066,274
2066,52
2066,89
2067,275
2067,53
2067,91
2068,54
2068,93
2068,276
2069,16
2069,19
2069,52
2070,53
2070,17
2070,20
2071,21
2071,18
2071,54
2072,52
2072,16
2072,13
2073,53
2073,14
2073,17
2074,18
2074,54
2074,15
2075,52
2075,16
2075,3
2076,53
2076,17
2076,6
2077,9
2077,18
2077,54
2078,52
2078,67
2078,61
2079,63
2079,53
2079,68
2080,54
2080,65
2080,69
2081,52
2081,61
2081,62
2082,53
2082,63
2082,64
2083,65
2083,66
2083,54
2084,52
2084,136
2084,107
2085,53
2085,137
2085,109
2086,54
2086,138
2086,111
2087,62
2087,52
2087,136
2088,137
2088,53
2088,64
2089,54
2089,138
2089,66
2090,107
2090,106
2090,52
2091,53
2091,108
2091,109
2092,111
2092,110
2092,54
2093,52
2093,106
2093,67
2094,68
2094,108
2094,53
2095,69
2095,110
2095,54
2096,52
2096,79
2096,85
2097,53
2097,81
2097,86
2098,54
2098,83
2098,87
2099,79
2099,80
2099,52
2100,53
2100,81
2100,82
2101,84
2101,54
2101,83
2102,119
2102,142
2102,52
2103,121
2103,143
2103,53
2104,123
2104,144
2104,54
2105,52
2105,80
2105,142
2106,82
2106,143
2106,53
2107,144
2107,54
2107,84
2108,52
2108,118
2108,119
2109,53
2109,120
2109,121
2110,54
2110,122
2110,123
2111,118
2111,52
2111,85
2112,53
2112,120
2112,86
2113,122
2113,54
2113,87
2114,52
2114,280
2114,281
2115,283
2115,282
2115,53
2116,284
2116,285
2116,54
2117,286
2117,280
2117,52
2118,287
2118,282
2118,53
2119,288
2119,284
2119,54
2120,52
2120,295
2120,290
2121,292
2121,53
2121,296
2122,294
2122,54
2122,297
2123,295
2123,286
2123,52
2124,296
2124,53
2124,287
2125,288
2125,297
2125,54
2126,52
2126,290
2126,289
2127,291
2127,53
2127,292
2128,54
2128,293
2128,294
2129,52
2129,289
2129,281
2130,283
2130,53
2130,291
2131,54
2131,293
2131,285
2132,154
2132,67
2132,25
2133,155
2133,26
2133,68
2134,27
2134,156
2134,69
2135,154
2135,62
2135,25
2136,64
2136,26
2136,155
2137,66
2137,27
2137,156
2138,154
2138,62
2138,136
2139,64
2139,137
2139,155
2140,66
2140,156
2140,138
2141,106
2141,67
2141,154
2142,108
2142,68
2142,155
2143,156
2143,110
2143,69
2144,107
2144,25
2144,199
2145,200
2145,26
2145,109
2146,201
2146,27
2146,111
2147,199
2147,25
2147,62
2148,200
2148,26
2148,64
2149,201
2149,27
2149,66
2150,199
2150,25
2150,220
2151,200
2151,26
2151,221
2152,222
2152,201
2152,27
2153,61
2153,62
2153,199
2154,200
2154,63
2154,64
2155,201
2155,66
2155,65
2156,199
2156,106
2156,107
2157,200
2157,108
2157,109
2158,111
2158,201
2158,110
2159,107
2159,25
2159,184
2160,185
2160,26
2160,109
2161,111
2161,186
2161,27
2162,184
2162,25
2162,67
2163,185
2163,26
2163,68
2164,27
2164,69
2164,186
2165,25
2165,184
2165,62
2166,64
2166,26
2166,185
2167,186
2167,66
2167,27
2168,25
2168,220
2168,184
2169,185
2169,26
2169,221
2170,186
2170,222
2170,27
2171,184
2171,61
2171,67
2172,185
2172,63
2172,68
2173,186
2173,65
2173,69
2174,61
2174,62
2174,184
2175,64
2175,63
2175,185
2176,186
2176,65
2176,66
2177,107
2177,136
2177,184
2178,109
2178,137
2178,185
2179,138
2179,186
2179,111
2180,184
2180,136
2180,62
2181,64
2181,137
2181,185
2182,66
2182,138
2182,186
2183,184
2183,220
2183,136
2184,137
2184,185
2184,221
2185,186
2185,222
2185,138
2186,107
2186,106
2186,184
2187,109
2187,108
2187,185
2188,111
2188,186
2188,110
2189,106
2189,184
2189,67
2190,68
2190,108
2190,185
2191,110
2191,69
2191,186
2192,217
2192,184
2192,67
2193,185
2193,218
2193,68
2194,186
2194,219
2194,69
2225,169
2225,25
2225,107
2226,170
2226,26
2226,109
2227,171
2227,111
2227,27
2228,169
2228,25
2228,67
2229,68
2229,170
2229,26
2230,69
2230,27
2230,171
2231,67
2231,61
2231,169
2232,170
2232,63
2232,68
2233,69
2233,171
2233,65
2234,169
2234,136
2234,107
2235,170
2235,137
2235,109
2236,171
2236,138
2236,111
2237,160
2237,25
2237,85
2238,161
2238,26
2238,86
2239,162
2239,27
2239,87
2240,160
2240,25
2240,80
2241,82
2241,161
2241,26
2242,84
2242,27
2242,162
2243,80
2243,142
2243,160
2244,82
2244,143
2244,161
2245,84
2245,144
2245,162
2246,85
2246,118
2246,160
2247,120
2247,161
2247,86
2248,162
2248,122
2248,87
2249,205
2249,25
2249,119
2250,121
2250,206
2250,26
2251,27
2251,123
2251,207
2252,80
2252,25
2252,205
2253,206
2253,26
2253,82
2254,84
2254,207
2254,27
2255,205
2255,25
2255,220
2256,206
2256,26
2256,221
2257,207
2257,27
2257,222
2258,205
2258,80
2258,79
2259,206
2259,81
2259,82
2260,207
2260,83
2260,84
2261,119
2261,118
2261,205
2262,121
2262,120
2262,206
2263,123
2263,122
2263,207
2264,25
2264,119
2264,190
2265,26
2265,191
2265,121
2266,123
2266,27
2266,192
2267,85
2267,25
2267,190
2268,191
2268,86
2268,26
2269,87
2269,27
2269,192
2270,80
2270,25
2270,190
2271,82
2271,26
2271,191
2272,84
2272,27
2272,192
2273,220
2273,190
2273,25
2274,191
2274,26
2274,221
2275,192
2275,27
2275,222
2276,85
2276,79
2276,190
2277,81
2277,86
2277,191
2278,83
2278,87
2278,192
2279,80
2279,190
2279,79
2280,81
2280,82
2280,191
2281,83
2281,192
2281,84
2282,190
2282,119
2282,142
2283,121
2283,143
2283,191
2284,123
2284,192
2284,144
2285,80
2285,142
2285,190
2286,82
2286,143
2286,191
2287,84
2287,192
2287,144
2288,220
2288,190
2288,142
2289,143
2289,191
2289,221
2290,144
2290,222
2290,192
2291,190
2291,118
2291,119
2292,121
2292,120
2292,191
2293,123
2293,122
2293,192
2294,118
2294,190
2294,85
2295,191
2295,120
2295,86
2296,122
2296,192
2296,87
2297,190
2297,217
2297,85
2298,191
2298,218
2298,86
2299,192
2299,219
2299,87
2330,175
2330,25
2330,119
2331,176
2331,26
2331,121
2332,177
2332,27
2332,123
2333,175
2333,25
2333,85
2334,176
2334,26
2334,86
2335,87
2335,27
2335,177
2336,85
2336,175
2336,79
2337,176
2337,81
2337,86
2338,177
2338,83
2338,87
2339,175
2339,142
2339,119
2340,121
2340,176
2340,143
2341,123
2341,177
2341,144
2342,281
2342,25
2342,298
2343,283
2343,26
2343,299
2344,27
2344,300
2344,285
2345,25
2345,298
2345,286
2346,287
2346,26
2346,299
2347,288
2347,27
2347,300
2348,295
2348,286
2348,298
2349,287
2349,296
2349,299
2350,288
2350,297
2350,300
2351,298
2351,281
2351,289
2352,299
2352,283
2352,291
2353,285
2353,293
2353,300
2354,290
2354,25
2354,307
2355,292
2355,26
2355,308
2356,27
2356,309
2356,294
2357,25
2357,307
2357,286
2358,26
2358,287
2358,308
2359,27
2359,288
2359,309
2360,280
2360,286
2360,307
2361,287
2361,282
2361,308
2362,288
2362,284
2362,309
2363,307
2363,290
2363,289
2364,292
2364,308
2364,291
2365,294
2365,293
2365,309
2366,304
2366,25
2366,290
2367,305
2367,26
2367,292
2368,27
2368,306
2368,294
2369,281
2369,25
2369,304
2370,283
2370,26
2370,305
2371,285
2371,27
2371,306
2372,304
2372,286
2372,25
2373,287
2373,26
2373,305
2374,288
2374,27
2374,306
2375,281
2375,280
2375,304
2376,283
2376,282
2376,305
2377,285
2377,284
2377,306
2378,304
2378,286
2378,280
2379,287
2379,282
2379,305
2380,306
2380,284
2380,288
2381,290
2381,295
2381,304
2382,292
2382,296
2382,305
2383,294
2383,297
2383,306
2384,295
2384,304
2384,286
2385,287
2385,296
2385,305
2386,288
2386,297
2386,306
2387,290
2387,304
2387,289
2388,292
2388,305
2388,291
2389,306
2389,293
2389,294
2390,289
2390,281
2390,304
2391,283
2391,305
2391,291
2392,306
2392,285
2392,293
2423,290
2423,25
2423,301
2424,302
2424,26
2424,292
2425,294
2425,27
2425,303
2426,301
2426,25
2426,281
2427,283
2427,26
2427,302
2428,285
2428,27
2428,303
2429,281
2429,280
2429,301
2430,283
2430,282
2430,302
2431,284
2431,303
2431,285
2432,295
2432,290
2432,301
2433,292
2433,296
2433,302
2434,297
2434,294
2434,303
2435,55
2435,88
2435,94
2436,56
2436,90
2436,95
2437,57
2437,92
2437,96
2438,55
2438,89
2438,88
2439,90
2439,56
2439,91
2440,57
2440,92
2440,93
2441,55
2441,13
2441,88
2442,56
2442,90
2442,14
2443,15
2443,92
2443,57
2444,55
2444,125
2444,145
2445,127
2445,146
2445,56
2446,57
2446,129
2446,147
2447,89
2447,145
2447,55
2448,91
2448,146
2448,56
2449,93
2449,147
2449,57
2450,145
2450,220
2450,55
2451,221
2451,146
2451,56
2452,222
2452,147
2452,57
2453,55
2453,124
2453,125
2454,56
2454,126
2454,127
2455,57
2455,128
2455,129
2456,94
2456,55
2456,124
2457,56
2457,126
2457,95
2458,128
2458,96
2458,57
2459,55
2459,124
2459,13
2460,56
2460,126
2460,14
2461,57
2461,128
2461,15
2462,55
2462,25
2462,125
2463,26
2463,127
2463,56
2464,27
2464,129
2464,57
2465,55
2465,25
2465,94
2466,56
2466,26
2466,95
2467,96
2467,27
2467,57
2468,89
2468,25
2468,55
2469,91
2469,26
2469,56
2470,27
2470,57
2470,93
2471,55
2471,25
2471,113
2472,115
2472,26
2472,56
2473,117
2473,27
2473,57
2474,25
2474,55
2474,76
2475,77
2475,26
2475,56
2476,78
2476,27
2476,57
2477,71
2477,25
2477,55
2478,73
2478,26
2478,56
2479,27
2479,57
2479,75
2480,25
2480,131
2480,55
2481,56
2481,26
2481,133
2482,27
2482,57
2482,135
2483,25
2483,55
2483,103
2484,26
2484,56
2484,104
2485,57
2485,105
2485,27
2486,55
2486,25
2486,98
2487,100
2487,26
2487,56
2488,102
2488,57
2488,27
2489,55
2489,25
2489,19
2490,26
2490,20
2490,56
2491,57
2491,27
2491,21
2492,25
2492,55
2492,13
2493,56
2493,26
2493,14
2494,57
2494,27
2494,15
2495,55
2495,10
2495,25
2496,11
2496,26
2496,56
2497,12
2497,27
2497,57
2498,55
2498,25
2498,3
2499,6
2499,26
2499,56
2500,9
2500,27
2500,57
2501,55
2501,25
2501,107
2502,109
2502,56
2502,26
2503,57
2503,27
2503,111
2504,25
2504,67
2504,55
2505,68
2505,26
2505,56
2506,69
2506,27
2506,57
2507,62
2507,55
2507,25
2508,56
2508,64
2508,26
2509,66
2509,27
2509,57
2510,55
2510,119
2510,25
2511,121
2511,26
2511,56
2512,123
2512,27
2512,57
2513,55
2513,85
2513,25
2514,56
2514,26
2514,86
2515,57
2515,27
2515,87
2516,55
2516,25
2516,80
2517,56
2517,82
2517,26
2518,84
2518,27
2518,57
2519,290
2519,55
2519,25
2520,292
2520,56
2520,26
2521,57
2521,27
2521,294
2522,281
2522,55
2522,25
2523,283
2523,56
2523,26
2524,285
2524,27
2524,57
2525,25
2525,55
2525,286
2526,56
2526,26
2526,287
2527,57
2527,27
2527,288
2528,220
2528,55
2528,25
2529,221
2529,56
2529,26
2530,222
2530,57
2530,27
2531,55
2531,70
2531,76
2532,56
2532,72
2532,77
2533,74
2533,57
2533,78
2534,71
2534,55
2534,70
2535,56
2535,72
2535,73
2536,74
2536,75
2536,57
2537,113
2537,139
2537,55
2538,115
2538,140
2538,56
2539,117
2539,57
2539,141
2540,55
2540,139
2540,71
2541,56
2541,140
2541,73
2542,75
2542,141
2542,57
2543,139
2543,55
2543,220
2544,221
2544,140
2544,56
2545,57
2545,222
2545,141
2546,113
2546,112
2546,55
2547,115
2547,114
2547,56
2548,117
2548,57
2548,116
2549,55
2549,76
2549,112
2550,56
2550,114
2550,77
2551,57
2551,78
2551,116
2552,55
2552,97
2552,103
2553,56
2553,99
2553,104
2554,57
2554,101
2554,105
2555,55
2555,97
2555,98
2556,56
2556,99
2556,100
2557,102
2557,57
2557,101
2558,131
2558,55
2558,148
2559,56
2559,149
2559,133
2560,135
2560,150
2560,57
2561,148
2561,55
2561,98
2562,100
2562,149
2562,56
2563,102
2563,150
2563,57
2564,220
2564,148
2564,55
2565,221
2565,149
2565,56
2566,150
2566,222
2566,57
2567,131
2567,130
2567,55
2568,133
2568,132
2568,56
2569,135
2569,134
2569,57
2570,103
2570,130
2570,55
2571,104
2571,132
2571,56
2572,134
2572,57
2572,105
2573,55
2573,2
2573,13
2574,14
2574,56
2574,5
2575,15
2575,8
2575,57
2576,55
2576,10
2576,2
2577,56
2577,5
2577,11
2578,57
2578,8
2578,12
2579,3
2579,2
2579,55
2580,6
2580,5
2580,56
2581,9
2581,8
2581,57
2582,22
2582,125
2582,55
2583,56
2583,23
2583,127
2584,57
2584,24
2584,129
2585,22
2585,55
2585,89
2586,56
2586,23
2586,91
2587,57
2587,24
2587,93
2588,22
2588,55
2588,19
2589,56
2589,23
2589,20
2590,57
2590,24
2590,21
2591,55
2591,22
2591,10
2592,56
2592,23
2592,11
2593,57
2593,24
2593,12
2594,22
2594,3
2594,55
2595,23
2595,6
2595,56
2596,24
2596,9
2596,57
2597,55
2597,125
2597,274
2598,56
2598,275
2598,127
2599,57
2599,276
2599,129
2600,89
2600,274
2600,55
2601,56
2601,91
2601,275
2602,93
2602,276
2602,57
2603,16
2603,19
2603,55
2604,20
2604,17
2604,56
2605,21
2605,18
2605,57
2606,13
2606,16
2606,55
2607,56
2607,17
2607,14
2608,57
2608,15
2608,18
2609,55
2609,3
2609,16
2610,6
2610,17
2610,56
2611,9
2611,18
2611,57
2612,55
2612,61
2612,67
2613,56
2613,63
2613,68
2614,69
2614,57
2614,65
2615,61
2615,55
2615,62
2616,63
2616,64
2616,56
2617,66
2617,65
2617,57
2618,55
2618,136
2618,107
2619,56
2619,109
2619,137
2620,138
2620,111
2620,57
2621,55
2621,136
2621,62
2622,137
2622,64
2622,56
2623,138
2623,66
2623,57
2624,55
2624,220
2624,136
2625,221
2625,137
2625,56
2626,222
2626,138
2626,57
2627,107
2627,106
2627,55
2628,108
2628,109
2628,56
2629,111
2629,110
2629,57
2630,106
2630,55
2630,67
2631,68
2631,108
2631,56
2632,57
2632,69
2632,110
2633,55
2633,79
2633,85
2634,81
2634,86
2634,56
2635,57
2635,83
2635,87
2636,80
2636,79
2636,55
2637,82
2637,81
2637,56
2638,84
2638,83
2638,57
2639,119
2639,55
2639,142
2640,143
2640,121
2640,56
2641,57
2641,144
2641,123
2642,55
2642,142
2642,80
2643,56
2643,143
2643,82
2644,84
2644,57
2644,144
2645,55
2645,142
2645,220
2646,221
2646,143
2646,56
2647,144
2647,57
2647,222
2648,119
2648,118
2648,55
2649,121
2649,56
2649,120
2650,122
2650,123
2650,57
2651,85
2651,55
2651,118
2652,56
2652,120
2652,86
2653,122
2653,87
2653,57
2654,280
2654,55
2654,281
2655,283
2655,56
2655,282
2656,285
2656,284
2656,57
2657,286
2657,280
2657,55
2658,287
2658,282
2658,56
2659,288
2659,284
2659,57
2660,295
2660,55
2660,290
2661,296
2661,56
2661,292
2662,297
2662,294
2662,57
2663,295
2663,55
2663,286
2664,56
2664,296
2664,287
2665,57
2665,297
2665,288
2666,55
2666,289
2666,290
2667,56
2667,291
2667,292
2668,57
2668,293
2668,294
2669,55
2669,289
2669,281
2670,283
2670,291
2670,56
2671,293
2671,57
2671,285
2672,55
2672,217
2672,94
2673,218
2673,95
2673,56
2674,219
2674,57
2674,96
2675,76
2675,55
2675,217
2676,56
2676,218
2676,77
2677,78
2677,57
2677,219
2678,55
2678,103
2678,217
2679,56
2679,218
2679,104
2680,57
2680,219
2680,105
2681,55
2681,217
2681,67
2682,56
2682,68
2682,218
2683,57
2683,219
2683,69
2684,85
2684,217
2684,55
2685,56
2685,218
2685,86
2686,57
2686,219
2686,87
2687,223
2687,25
2687,94
2688,95
2688,224
2688,26
2689,27
2689,225
2689,96
2690,223
2690,25
2690,76
2691,77
2691,26
2691,224
2692,27
2692,225
2692,78
2693,223
2693,103
2693,25
2694,104
2694,224
2694,26
2695,105
2695,27
2695,225
2696,67
2696,25
2696,223
2697,26
2697,224
2697,68
2698,27
2698,69
2698,225
2699,223
2699,85
2699,25
2700,86
2700,26
2700,224
2701,87
2701,27
2701,225
2702,3
2702,2
2702,49
2703,6
2703,5
2703,50
2704,51
2704,9
2704,8
2705,49
2705,2
2705,10
2706,50
2706,5
2706,11
2707,51
2707,8
2707,12
2708,2
2708,13
2708,49
2709,50
2709,14
2709,5
2710,51
2710,15
2710,8
2711,3
2711,49
2711,16
2712,50
2712,17
2712,6
2713,51
2713,18
2713,9
2714,49
2714,19
2714,16
2715,20
2715,17
2715,50
2716,21
2716,18
2716,51
2717,13
2717,16
2717,49
2718,14
2718,50
2718,17
2719,18
2719,15
2719,51
2720,49
2720,3
2720,22
2721,6
2721,23
2721,50
2722,9
2722,24
2722,51
2723,10
2723,22
2723,49
2724,11
2724,23
2724,50
2725,12
2725,51
2725,24
2726,49
2726,22
2726,19
2727,23
2727,20
2727,50
2728,51
2728,24
2728,21
2729,3
2729,49
2729,25
2730,50
2730,26
2730,6
2731,51
2731,27
2731,9
2732,10
2732,25
2732,49
2733,11
2733,26
2733,50
2734,12
2734,27
2734,51
2735,19
2735,49
2735,25
2736,50
2736,26
2736,20
2737,51
2737,27
2737,21
2738,49
2738,13
2738,25
2739,14
2739,26
2739,50
2740,27
2740,51
2740,15
2741,49
2741,61
2741,62
2742,63
2742,50
2742,64
2743,66
2743,51
2743,65
2744,67
2744,49
2744,61
2745,50
2745,63
2745,68
2746,51
2746,65
2746,69
2747,49
2747,106
2747,107
2748,50
2748,108
2748,109
2749,110
2749,51
2749,111
2750,49
2750,106
2750,67
2751,50
2751,108
2751,68
2752,51
2752,110
2752,69
2753,49
2753,136
2753,107
2754,50
2754,137
2754,109
2755,111
2755,51
2755,138
2756,49
2756,136
2756,62
2757,50
2757,137
2757,64
2758,51
2758,138
2758,66
2759,49
2759,25
2759,107
2760,50
2760,26
2760,109
2761,51
2761,27
2761,111
2762,25
2762,49
2762,62
2763,50
2763,26
2763,64
2764,51
2764,27
2764,66
2765,49
2765,25
2765,67
2766,50
2766,26
2766,68
2767,51
2767,27
2767,69
2768,71
2768,49
2768,70
2769,50
2769,72
2769,73
2770,51
2770,74
2770,75
2771,49
2771,70
2771,76
2772,50
2772,72
2772,77
2773,51
2773,74
2773,78
2774,49
2774,112
2774,113
2775,115
2775,114
2775,50
2776,51
2776,116
2776,117
2777,49
2777,112
2777,76
2778,50
2778,114
2778,77
2779,51
2779,116
2779,78
2780,49
2780,139
2780,113
2781,140
2781,50
2781,115
2782,117
2782,51
2782,141
2783,71
2783,49
2783,139
2784,73
2784,140
2784,50
2785,141
2785,75
2785,51
2786,25
2786,49
2786,113
2787,115
2787,26
2787,50
2788,117
2788,27
2788,51
2789,71
2789,25
2789,49
2790,73
2790,50
2790,26
2791,27
2791,75
2791,51
2792,49
2792,76
2792,25
2793,50
2793,26
2793,77
2794,51
2794,27
2794,78
2795,49
2795,79
2795,80
2796,81
2796,50
2796,82
2797,83
2797,51
2797,84
2798,85
2798,79
2798,49
2799,50
2799,86
2799,81
2800,87
2800,51
2800,83
2801,118
2801,49
2801,119
2802,121
2802,120
2802,50
2803,122
2803,51
2803,123
2804,85
2804,118
2804,49
2805,120
2805,86
2805,50
2806,122
2806,51
2806,87
2807,49
2807,142
2807,119
2808,50
2808,121
2808,143
2809,51
2809,144
2809,123
2810,49
2810,142
2810,80
2811,50
2811,143
2811,82
2812,51
2812,84
2812,144
2813,49
2813,25
2813,119
2814,26
2814,50
2814,121
2815,51
2815,27
2815,123
2816,25
2816,80
2816,49
2817,26
2817,82
2817,50
2818,51
2818,27
2818,84
2819,49
2819,25
2819,85
2820,86
2820,26
2820,50
2821,51
2821,27
2821,87
2822,88
2822,89
2822,49
2823,91
2823,50
2823,90
2824,93
2824,92
2824,51
2825,94
2825,88
2825,49
2826,95
2826,90
2826,50
2827,51
2827,96
2827,92
2828,125
2828,124
2828,49
2829,127
2829,126
2829,50
2830,129
2830,128
2830,51
2831,49
2831,124
2831,94
2832,50
2832,126
2832,95
2833,96
2833,51
2833,128
2834,49
2834,145
2834,125
2835,50
2835,146
2835,127
2836,129
2836,147
2836,51
2837,145
2837,89
2837,49
2838,91
2838,146
2838,50
2839,51
2839,93
2839,147
2840,125
2840,25
2840,49
2841,127
2841,26
2841,50
2842,27
2842,129
2842,51
2843,49
2843,89
2843,25
2844,91
2844,26
2844,50
2845,93
2845,27
2845,51
2846,25
2846,49
2846,94
2847,50
2847,95
2847,26
2848,96
2848,27
2848,51
2849,97
2849,49
2849,98
2850,50
2850,99
2850,100
2851,51
2851,102
2851,101
2852,49
2852,97
2852,103
2853,50
2853,99
2853,104
2854,51
2854,101
2854,105
2855,49
2855,130
2855,131
2856,50
2856,132
2856,133
2857,134
2857,135
2857,51
2858,49
2858,103
2858,130
2859,104
2859,132
2859,50
2860,134
2860,51
2860,105
2861,131
2861,49
2861,148
2862,50
2862,149
2862,133
2863,51
2863,150
2863,135
2864,49
2864,148
2864,98
2865,50
2865,149
2865,100
2866,150
2866,51
2866,102
2867,49
2867,25
2867,131
2868,50
2868,26
2868,133
2869,135
2869,51
2869,27
2870,49
2870,25
2870,98
2871,50
2871,26
2871,100
2872,102
2872,27
2872,51
2873,103
2873,25
2873,49
2874,26
2874,50
2874,104
2875,51
2875,27
2875,105
2876,49
2876,88
2876,89
2877,91
2877,50
2877,90
2878,93
2878,92
2878,51
2879,13
2879,88
2879,49
2880,50
2880,14
2880,90
2881,15
2881,92
2881,51
2882,125
2882,124
2882,49
2883,127
2883,126
2883,50
2884,51
2884,128
2884,129
2885,49
2885,124
2885,13
2886,14
2886,50
2886,126
2887,51
2887,15
2887,128
2888,125
2888,274
2888,49
2889,50
2889,127
2889,275
2890,129
2890,276
2890,51
2891,89
2891,274
2891,49
2892,275
2892,50
2892,91
2893,93
2893,276
2893,51
2894,49
2894,22
2894,125
2895,50
2895,23
2895,127
2896,51
2896,24
2896,129
2897,22
2897,89
2897,49
2898,50
2898,23
2898,91
2899,51
2899,24
2899,93
2900,49
2900,25
2900,125
2901,50
2901,26
2901,127
2902,51
2902,27
2902,129
2903,49
2903,25
2903,89
2904,50
2904,26
2904,91
2905,51
2905,27
2905,93
2906,280
2906,281
2906,49
2907,50
2907,282
2907,283
2908,51
2908,285
2908,284
2909,280
2909,286
2909,49
2910,282
2910,287
2910,50
2911,288
2911,284
2911,51
2912,290
2912,49
2912,289
2913,50
2913,292
2913,291
2914,51
2914,293
2914,294
2915,281
2915,49
2915,289
2916,50
2916,291
2916,283
2917,51
2917,285
2917,293
2918,290
2918,49
2918,295
2919,50
2919,296
2919,292
2920,294
2920,297
2920,51
2921,286
2921,49
2921,295
2922,287
2922,296
2922,50
2923,51
2923,297
2923,288
2924,49
2924,25
2924,290
2925,50
2925,26
2925,292
2926,294
2926,51
2926,27
2927,49
2927,25
2927,286
2928,50
2928,26
2928,287
2929,51
2929,27
2929,288
2930,49
2930,25
2930,281
2931,283
2931,50
2931,26
2932,285
2932,51
2932,27
2933,359
2933,113
2933,49
2934,50
2934,360
2934,115
2935,51
2935,361
2935,117
2936,49
2936,359
2936,107
2937,360
2937,50
2937,109
2938,51
2938,361
2938,111
2939,49
2939,359
2939,119
2940,360
2940,121
2940,50
2941,51
2941,123
2941,361
2942,49
2942,359
2942,125
2943,50
2943,360
2943,127
2944,51
2944,361
2944,129
2945,49
2945,359
2945,125
2946,360
2946,50
2946,127
2947,361
2947,51
2947,129
2948,290
2948,359
2948,49
2949,292
2949,360
2949,50
2950,294
2950,361
2950,51
2951,19
2951,359
2951,49
2952,20
2952,360
2952,50
2953,361
2953,51
2953,21